nivel_verificacion,n_bytes,tiempo_total_s,tiempo_total_kem_s,tiempo_total_dss_s,tiempo_total_aes_s,cpu_total,cpu_total_kem,cpu_total_dss,cpu_total_aes,memoria_promedio_kem_kb,memoria_promedio_dss_kb,memoria_promedio_aes_kb
1,1024,0.014902,0.014098,0.000002,0.000802,0.006423,0.005819,0.000003,0.000601,2.000000,3.000000,4.000000
1,1024,0.014183,0.012538,0.000004,0.001641,0.013246,0.011885,0.000029,0.001332,2.000000,4.000000,4.000000
1,1024,0.006126,0.004923,0.000004,0.001199,0.006600,0.005483,0.000004,0.001113,2.000000,4.000000,4.000000
1,1024,0.006554,0.005881,0.000003,0.000670,0.006985,0.006370,0.000002,0.000613,2.000000,3.000000,3.000000
1,1024,0.006859,0.006645,0.000002,0.000212,0.006190,0.006014,0.000004,0.000172,3.000000,4.000000,4.000000
1,1024,0.004285,0.003856,0.000001,0.000428,0.004695,0.004284,0.000002,0.000409,2.000000,3.000000,3.000000
1,1024,0.014839,0.013667,0.000004,0.001168,0.014752,0.013635,0.000006,0.001111,2.000000,4.000000,4.000000
1,1024,0.008890,0.007959,0.000003,0.000928,0.009149,0.008318,0.000007,0.000824,2.000000,3.000000,4.000000
1,1024,0.014820,0.013545,0.000004,0.001271,0.014345,0.013072,0.000007,0.001266,3.000000,4.000000,4.000000
1,1024,0.008750,0.007883,0.000002,0.000865,0.009228,0.008450,0.000003,0.000775,2.000000,3.000000,4.000000
1,1024,0.014105,0.012897,0.000004,0.001204,0.013600,0.012504,0.000004,0.001092,2.000000,4.000000,4.000000
1,1024,0.008385,0.007604,0.000003,0.000778,0.008957,0.008233,0.000003,0.000721,2.000000,4.000000,4.000000
1,1024,0.013887,0.012489,0.000004,0.001394,0.014070,0.012701,0.000006,0.001363,2.000000,4.000000,4.000000
1,1024,0.008315,0.007453,0.000003,0.000859,0.008850,0.008059,0.000004,0.000787,2.000000,3.000000,4.000000
1,1024,0.014529,0.013147,0.000004,0.001378,0.005195,0.012000,0.000007,-0.006812,2.000000,4.000000,4.000000
1,1024,0.013382,0.012065,0.000004,0.001313,0.013538,0.012245,0.000010,0.001283,2.000000,4.000000,4.000000
1,1024,0.007706,0.006352,0.000003,0.001351,0.006988,0.005692,0.000004,0.001292,2.000000,4.000000,4.000000
1,1024,0.010926,0.009905,0.000004,0.001017,0.010675,0.009652,0.000004,0.001019,2.000000,4.000000,4.000000
1,1024,0.009808,0.008857,0.000003,0.000948,0.010624,0.009683,0.000004,0.000937,2.000000,3.000000,4.000000
1,1024,0.014842,0.013460,0.000005,0.001377,0.014694,0.013428,0.000006,0.001260,2.000000,4.000000,4.000000
1,1024,0.008333,0.007550,0.000003,0.000780,0.009214,0.008494,0.000006,0.000714,2.000000,4.000000,4.000000
1,1024,0.006177,0.005524,0.000002,0.000651,0.006601,0.006062,0.000001,0.000538,2.000000,3.000000,3.000000
1,1024,0.006177,0.004552,0.000005,0.001620,0.004379,0.002727,0.000005,0.001647,2.000000,4.000000,4.000000
1,1024,0.004302,0.003869,0.000002,0.000431,0.004689,0.004284,0.000006,0.000399,2.000000,3.000000,3.000000
1,1024,0.014218,0.013057,0.000003,0.001158,0.014280,0.013208,0.000003,0.001069,2.000000,3.000000,4.000000
1,1024,0.008334,0.007526,0.000003,0.000805,0.008626,0.007883,0.000005,0.000738,2.000000,3.000000,4.000000
1,1024,0.014114,0.012715,0.000004,0.001395,0.014179,0.012867,0.000004,0.001308,2.000000,3.000000,4.000000
1,1024,0.008349,0.007517,0.000002,0.000830,0.008939,0.008168,0.000005,0.000766,2.000000,3.000000,4.000000
1,1024,0.006614,0.005918,0.000002,0.000694,0.006854,0.006228,0.000003,0.000623,2.000000,3.000000,4.000000
1,1024,0.010678,0.009508,0.000004,0.001166,0.009935,0.008869,0.000003,0.001063,2.000000,4.000000,4.000000
1,1024,0.010469,0.009643,0.000003,0.000823,0.009543,0.008731,0.000002,0.000810,2.000000,4.000000,4.000000
1,1024,0.005963,0.005429,0.000002,0.000532,0.005489,0.005022,0.000004,0.000463,2.000000,4.000000,4.000000
1,1024,0.005055,0.004602,0.000002,0.000451,0.004696,0.004268,0.000003,0.000425,2.000000,3.000000,3.000000
1,1024,0.006875,0.006285,0.000002,0.000588,0.006493,0.005948,0.000003,0.000542,2.000000,4.000000,4.000000
1,1024,0.004478,0.004027,0.000002,0.000449,0.004862,0.004442,0.000005,0.000415,2.000000,3.000000,3.000000
1,1024,0.007078,0.006351,0.000002,0.000725,0.006688,0.006061,0.000002,0.000625,2.000000,3.000000,3.000000
1,1024,0.004751,0.004273,0.000002,0.000476,0.005173,0.004740,0.000003,0.000430,2.000000,3.000000,3.000000
1,1024,0.004434,0.004005,0.000001,0.000428,0.004809,0.004428,0.000003,0.000378,2.000000,3.000000,3.000000
1,1024,0.004270,0.003786,0.000001,0.000483,0.004593,0.004180,0.000001,0.000412,2.000000,3.000000,3.000000
1,1024,0.004043,0.003616,0.000001,0.000426,0.004354,0.003984,0.000001,0.000369,2.000000,3.000000,3.000000
1,1024,0.004166,0.003742,0.000002,0.000422,0.004534,0.004141,0.000007,0.000386,2.000000,3.000000,4.000000
1,1024,0.006552,0.005858,0.000002,0.000692,0.005955,0.005324,0.000007,0.000624,2.000000,4.000000,4.000000
1,1024,0.012980,0.011831,0.000004,0.001145,0.013494,0.012350,0.000025,0.001119,2.000000,3.000000,4.000000
1,1024,0.016178,0.014794,0.000005,0.001379,0.015285,0.013985,0.000011,0.001289,2.000000,4.000000,4.000000
1,1024,0.005421,0.004528,0.000005,0.000888,0.005746,0.004811,0.000005,0.000930,2.000000,4.000000,4.000000
1,1024,0.006458,0.005749,0.000002,0.000707,0.006828,0.006183,0.000003,0.000642,2.000000,3.000000,3.000000
1,1024,0.005107,0.004480,0.000002,0.000625,0.005371,0.004857,0.000003,0.000511,2.000000,3.000000,3.000000
1,1024,0.014268,0.012698,0.000005,0.001565,0.013034,0.011646,0.000004,0.001384,2.000000,4.000000,4.000000
1,1024,0.013609,0.012269,0.000004,0.001336,0.013495,0.012206,0.000010,0.001279,2.000000,4.000000,4.000000
1,1024,0.008730,0.007835,0.000004,0.000891,0.009263,0.008414,0.000007,0.000842,2.000000,4.000000,4.000000
1,1024,0.006569,0.005866,0.000002,0.000701,0.006697,0.006090,0.000002,0.000605,2.000000,3.000000,3.000000
1,1024,0.013435,0.011975,0.000004,0.001456,0.013185,0.011774,0.000011,0.001400,2.000000,4.000000,4.000000
1,1024,0.015306,0.013989,0.000005,0.001312,0.014991,0.013742,0.000007,0.001242,2.000000,4.000000,4.000000
1,1024,0.008200,0.007430,0.000002,0.000768,0.008662,0.007958,0.000007,0.000697,2.000000,3.000000,3.000000
1,1024,0.013817,0.012502,0.000004,0.001311,0.014238,0.012959,0.000009,0.001270,2.000000,4.000000,4.000000
1,1024,0.009008,0.008152,0.000003,0.000853,0.009693,0.008912,0.000003,0.000778,2.000000,3.000000,3.000000
1,1024,0.007023,0.006052,0.000003,0.000968,0.007156,0.006469,0.000003,0.000684,2.000000,3.000000,4.000000
1,1024,0.006768,0.006110,0.000002,0.000656,0.006905,0.006350,0.000004,0.000551,2.000000,3.000000,3.000000
1,1024,0.003984,0.003651,0.000004,0.000329,0.004132,0.003810,0.000008,0.000314,2.000000,4.000000,4.000000
1,1024,0.004542,0.004112,0.000001,0.000429,0.004888,0.004495,0.000001,0.000392,2.000000,3.000000,3.000000
1,1024,0.017262,0.015661,0.000004,0.001597,0.013957,0.012482,0.000007,0.001468,2.000000,4.000000,4.000000
1,1024,0.012523,0.011360,0.000004,0.001159,0.013410,0.012228,0.000007,0.001175,2.000000,4.000000,4.000000
1,1024,0.014546,0.013011,0.000005,0.001530,0.014616,0.013252,0.000009,0.001355,3.000000,4.000000,4.000000
1,1024,0.014548,0.013129,0.000005,0.001414,0.014873,0.013542,0.000005,0.001326,2.000000,4.000000,4.000000
1,1024,0.008715,0.007767,0.000003,0.000945,0.009097,0.008260,0.000003,0.000834,2.000000,3.000000,4.000000
1,1024,0.014437,0.013022,0.000004,0.001411,0.014578,0.013262,0.000005,0.001311,2.000000,4.000000,4.000000
1,1024,0.008390,0.007532,0.000003,0.000855,0.008808,0.008035,0.000004,0.000769,2.000000,4.000000,4.000000
1,1024,0.006206,0.004873,0.000005,0.001328,0.006288,0.005105,0.000005,0.001178,2.000000,3.000000,4.000000
1,1024,0.015517,0.014379,0.000004,0.001134,0.014959,0.013879,0.000008,0.001072,2.000000,4.000000,4.000000
1,1024,0.008867,0.007450,0.000003,0.001414,0.009073,0.008150,0.000002,0.000921,2.000000,3.000000,4.000000
1,1024,0.010547,0.009200,0.000004,0.001343,0.010516,0.009187,0.000003,0.001326,3.000000,4.000000,4.000000
1,1024,0.007317,0.006157,0.000005,0.001155,0.007852,0.006644,0.000005,0.001203,2.000000,3.000000,4.000000
1,1024,0.014402,0.013195,0.000005,0.001202,0.014091,0.012986,0.000010,0.001095,2.000000,4.000000,4.000000
1,1024,0.008699,0.007911,0.000003,0.000785,0.009067,0.008349,0.000007,0.000711,2.000000,3.000000,4.000000
1,1024,0.013000,0.011476,0.000005,0.001519,0.012889,0.011468,0.000004,0.001417,2.000000,4.000000,4.000000
1,10240,0.008319,0.007370,0.000003,0.000946,0.008566,0.007670,0.000005,0.000891,2.000000,4.000000,4.000000
1,10240,0.006159,0.005398,0.000002,0.000759,0.006231,0.005486,0.000002,0.000743,2.000000,4.000000,4.000000
1,10240,0.005159,0.004513,0.000002,0.000644,0.005603,0.005028,0.000007,0.000568,2.000000,3.000000,3.000000
1,10240,0.004556,0.003950,0.000002,0.000604,0.004886,0.004344,0.000001,0.000541,2.000000,3.000000,3.000000
1,10240,0.004326,0.003767,0.000001,0.000558,0.004633,0.004120,0.000006,0.000507,2.000000,3.000000,3.000000
1,10240,0.013043,0.011459,0.000005,0.001579,0.013063,0.011477,0.000012,0.001574,2.000000,4.000000,4.000000
1,10240,0.013462,0.012007,0.000004,0.001451,0.013589,0.012243,0.000004,0.001342,2.000000,3.000000,4.000000
1,10240,0.008475,0.007364,0.000003,0.001108,0.009085,0.008061,0.000007,0.001017,2.000000,3.000000,3.000000
1,10240,0.006584,0.005714,0.000003,0.000867,0.006801,0.006000,0.000011,0.000790,2.000000,3.000000,4.000000
1,10240,0.013542,0.012189,0.000004,0.001349,0.013560,0.012322,0.000021,0.001217,2.000000,3.000000,3.000000
1,10240,0.008095,0.007131,0.000002,0.000962,0.008858,0.007946,0.000005,0.000907,2.000000,3.000000,3.000000
1,10240,0.006536,0.005723,0.000002,0.000811,0.006754,0.006021,0.000005,0.000728,2.000000,3.000000,4.000000
1,10240,0.005243,0.004577,0.000002,0.000664,0.005541,0.004952,0.000003,0.000586,2.000000,3.000000,3.000000
1,10240,0.013851,0.012260,0.000004,0.001587,0.014012,0.012398,0.000005,0.001609,2.000000,4.000000,4.000000
1,10240,0.008374,0.007326,0.000003,0.001045,0.008990,0.008005,0.000004,0.000981,2.000000,4.000000,4.000000
1,10240,0.006732,0.005918,0.000003,0.000811,0.007411,0.006594,0.000005,0.000812,2.000000,3.000000,4.000000
1,10240,0.005622,0.004821,0.000001,0.000800,0.005912,0.005243,0.000008,0.000661,2.000000,3.000000,3.000000
1,10240,0.004999,0.004235,0.000002,0.000762,0.005262,0.004675,0.000001,0.000586,2.000000,3.000000,3.000000
1,10240,0.004303,0.003614,0.000001,0.000688,0.004514,0.003975,0.000003,0.000536,2.000000,3.000000,4.000000
1,10240,0.014530,0.012901,0.000004,0.001625,0.014373,0.012835,0.000010,0.001528,2.000000,4.000000,4.000000
1,10240,0.008469,0.007371,0.000003,0.001095,0.009085,0.008054,0.000006,0.001025,2.000000,3.000000,4.000000
1,10240,0.007402,0.006443,0.000003,0.000956,0.007658,0.006762,0.000005,0.000891,2.000000,3.000000,3.000000
1,10240,0.006143,0.005308,0.000003,0.000832,0.006585,0.005848,0.000005,0.000732,2.000000,3.000000,4.000000
1,10240,0.004801,0.004179,0.000002,0.000620,0.005105,0.004543,0.000003,0.000559,2.000000,3.000000,3.000000
1,10240,0.004464,0.003881,0.000001,0.000582,0.004780,0.004258,0.000001,0.000521,2.000000,3.000000,3.000000
1,10240,0.011924,0.010512,0.000003,0.001409,0.011610,0.010410,0.000003,0.001197,2.000000,3.000000,3.000000
1,10240,0.007624,0.006606,0.000002,0.001016,0.008184,0.007236,0.000002,0.000946,2.000000,3.000000,3.000000
1,10240,0.013567,0.012020,0.000003,0.001544,0.013732,0.012303,0.000020,0.001409,2.000000,3.000000,4.000000
1,10240,0.011786,0.010171,0.000005,0.001610,0.007183,0.006231,0.000005,0.000947,2.000000,4.000000,4.000000
1,10240,0.005459,0.004114,0.000005,0.001340,0.005420,0.004235,0.000004,0.001181,2.000000,4.000000,4.000000
1,10240,0.015175,0.013692,0.000005,0.001478,0.014813,0.013450,0.000005,0.001358,2.000000,4.000000,4.000000
1,10240,0.014749,0.012901,0.000005,0.001843,0.014840,0.013097,0.000004,0.001739,2.000000,4.000000,4.000000
1,10240,0.008774,0.007638,0.000003,0.001133,0.009178,0.008147,0.000009,0.001022,2.000000,3.000000,3.000000
1,10240,0.006962,0.006018,0.000002,0.000942,0.007224,0.006367,0.000003,0.000854,2.000000,3.000000,3.000000
1,10240,0.006130,0.005226,0.000002,0.000902,0.006258,0.005483,0.000004,0.000771,2.000000,3.000000,4.000000
1,10240,0.014149,0.012644,0.000004,0.001501,0.014149,0.012809,0.000005,0.001335,2.000000,3.000000,4.000000
1,10240,0.008829,0.007683,0.000003,0.001143,0.009143,0.008092,0.000004,0.001047,2.000000,3.000000,3.000000
1,10240,0.006679,0.005731,0.000003,0.000945,0.006832,0.005990,0.000006,0.000836,2.000000,3.000000,4.000000
1,10240,0.005623,0.004812,0.000002,0.000809,0.005892,0.005215,0.000004,0.000673,2.000000,3.000000,4.000000
1,10240,0.005028,0.004312,0.000001,0.000715,0.005135,0.004544,0.000001,0.000590,2.000000,3.000000,4.000000
1,10240,0.004632,0.003957,0.000002,0.000673,0.004837,0.004304,0.000001,0.000532,2.000000,3.000000,3.000000
1,10240,0.013914,0.012363,0.000004,0.001547,0.013423,0.012586,0.000004,0.000833,2.000000,3.000000,4.000000
1,10240,0.015119,0.013537,0.000005,0.001577,0.014873,0.013400,0.000005,0.001468,2.000000,4.000000,4.000000
1,10240,0.008800,0.007738,0.000002,0.001060,0.009088,0.008140,0.000007,0.000941,2.000000,3.000000,4.000000
1,10240,0.013737,0.012244,0.000004,0.001489,0.014022,0.012640,0.000004,0.001378,2.000000,3.000000,4.000000
1,10240,0.008452,0.007328,0.000003,0.001121,0.009030,0.008000,0.000002,0.001028,2.000000,3.000000,3.000000
1,10240,0.006762,0.005823,0.000003,0.000936,0.006990,0.006173,0.000004,0.000813,2.000000,3.000000,3.000000
1,10240,0.005313,0.004526,0.000002,0.000785,0.005525,0.004870,0.000003,0.000652,2.000000,3.000000,3.000000
1,10240,0.011565,0.010012,0.000003,0.001550,0.011313,0.009853,0.000003,0.001457,2.000000,4.000000,4.000000
1,10240,0.013989,0.012581,0.000005,0.001403,0.014079,0.012775,0.000009,0.001295,2.000000,4.000000,4.000000
1,10240,0.013045,0.011759,0.000004,0.001282,0.013227,0.012009,0.000002,0.001216,2.000000,3.000000,3.000000
1,10240,0.007684,0.006726,0.000003,0.000955,0.008337,0.007454,0.000006,0.000877,2.000000,3.000000,4.000000
1,10240,0.006103,0.005296,0.000002,0.000805,0.006354,0.005636,0.000003,0.000715,2.000000,3.000000,3.000000
1,10240,0.005288,0.004612,0.000001,0.000675,0.005604,0.005001,0.000002,0.000601,2.000000,3.000000,3.000000
1,10240,0.014509,0.012898,0.000004,0.001607,0.014603,0.013003,0.000026,0.001574,2.000000,4.000000,4.000000
1,10240,0.009624,0.008728,0.000003,0.000893,0.009922,0.009051,0.000008,0.000863,2.000000,3.000000,4.000000
1,10240,0.006341,0.005501,0.000002,0.000838,0.006714,0.005927,0.000005,0.000782,2.000000,3.000000,4.000000
1,10240,0.005675,0.004959,0.000002,0.000714,0.005425,0.004751,0.000009,0.000665,2.000000,4.000000,4.000000
1,10240,0.004696,0.003133,0.000004,0.001559,0.004477,0.003181,0.000005,0.001291,2.000000,3.000000,4.000000
1,10240,0.013038,0.011610,0.000004,0.001424,0.012991,0.011692,0.000004,0.001295,2.000000,3.000000,4.000000
1,10240,0.008689,0.007596,0.000002,0.001091,0.009135,0.008148,0.000006,0.000981,2.000000,3.000000,3.000000
1,10240,0.006749,0.005892,0.000002,0.000855,0.006940,0.006220,0.000003,0.000717,2.000000,3.000000,4.000000
1,10240,0.015272,0.013678,0.000004,0.001590,0.014925,0.013352,0.000008,0.001565,2.000000,4.000000,4.000000
1,10240,0.009012,0.007931,0.000003,0.001078,0.009560,0.008534,0.000003,0.001023,2.000000,3.000000,3.000000
1,10240,0.007173,0.006203,0.000002,0.000968,0.007450,0.006605,0.000004,0.000841,2.000000,3.000000,3.000000
1,10240,0.005517,0.004793,0.000002,0.000722,0.005849,0.005168,0.000002,0.000679,2.000000,3.000000,4.000000
1,10240,0.006517,0.005208,0.000005,0.001304,0.006152,0.004822,0.000005,0.001325,2.000000,3.000000,3.000000
1,10240,0.007120,0.006269,0.000003,0.000848,0.007468,0.006640,0.000005,0.000823,2.000000,3.000000,4.000000
1,10240,0.013444,0.012054,0.000004,0.001386,0.012151,0.010855,0.000006,0.001290,2.000000,4.000000,4.000000
1,10240,0.010346,0.009166,0.000003,0.001177,0.010749,0.009648,0.000005,0.001096,2.000000,4.000000,4.000000
1,10240,0.014300,0.012876,0.000004,0.001420,0.014385,0.013024,0.000004,0.001357,2.000000,4.000000,4.000000
1,10240,0.014525,0.012955,0.000005,0.001565,0.014482,0.012966,0.000004,0.001512,2.000000,4.000000,4.000000
1,10240,0.008692,0.007771,0.000002,0.000919,0.009299,0.008445,0.000008,0.000846,2.000000,3.000000,4.000000
1,10240,0.006655,0.005800,0.000003,0.000852,0.006966,0.006170,0.000004,0.000792,2.000000,3.000000,3.000000
1,10240,0.005152,0.004482,0.000002,0.000668,0.005355,0.004751,0.000004,0.000600,2.000000,3.000000,4.000000
1,10240,0.014731,0.013100,0.000004,0.001627,0.013431,0.011796,0.000010,0.001625,2.000000,4.000000,4.000000
1,10240,0.008802,0.007655,0.000002,0.001145,0.009300,0.008257,0.000003,0.001040,2.000000,3.000000,4.000000
1,10240,0.007363,0.006345,0.000002,0.001016,0.007610,0.006704,0.000002,0.000904,2.000000,3.000000,3.000000
1,10240,0.006514,0.005151,0.000005,0.001358,0.006072,0.004671,0.000005,0.001396,3.000000,4.000000,4.000000
1,10240,0.013945,0.012355,0.000004,0.001586,0.014031,0.012540,0.000005,0.001486,2.000000,4.000000,4.000000
1,10240,0.007331,0.006377,0.000003,0.000951,0.007621,0.006687,0.000003,0.000931,2.000000,4.000000,4.000000
1,10240,0.006211,0.004780,0.000004,0.001427,0.006439,0.005088,0.000003,0.001348,2.000000,4.000000,4.000000
1,10240,0.004899,0.004208,0.000002,0.000689,0.005113,0.004479,0.000002,0.000632,2.000000,3.000000,3.000000
1,10240,0.004876,0.004129,0.000002,0.000745,0.005077,0.004498,0.000002,0.000577,2.000000,3.000000,3.000000
1,10240,0.004387,0.003701,0.000002,0.000684,0.004612,0.004110,0.000001,0.000501,2.000000,4.000000,4.000000
1,10240,0.004462,0.003800,0.000002,0.000660,0.004612,0.004091,0.000002,0.000519,2.000000,3.000000,4.000000
1,10240,0.004239,0.003679,0.000001,0.000559,0.004547,0.004038,0.000004,0.000505,2.000000,3.000000,4.000000
1,10240,0.004230,0.003655,0.000002,0.000573,0.004537,0.004026,0.000002,0.000509,2.000000,3.000000,3.000000
1,10240,0.004178,0.003638,0.000002,0.000538,0.004528,0.004034,0.000002,0.000492,2.000000,4.000000,4.000000
1,10240,0.004175,0.003606,0.000002,0.000567,0.004459,0.003962,0.000005,0.000492,2.000000,3.000000,3.000000
1,10240,0.012562,0.010985,0.000004,0.001573,0.011609,0.010050,0.000004,0.001555,2.000000,4.000000,4.000000
1,10240,0.009423,0.008294,0.000003,0.001126,0.009862,0.008845,0.000009,0.001008,2.000000,3.000000,4.000000
1,10240,0.008252,0.007333,0.000003,0.000916,0.008182,0.007327,0.000004,0.000851,2.000000,4.000000,4.000000
1,10240,0.006055,0.005263,0.000003,0.000789,0.006193,0.005514,0.000003,0.000676,2.000000,3.000000,4.000000
1,102400,0.015454,0.011643,0.000004,0.003807,0.006329,0.011141,0.000016,-0.004828,3.000000,4.000000,4.000000
1,102400,0.013011,0.010179,0.000003,0.002829,0.013094,0.010201,0.000005,0.002888,2.000000,4.000000,4.000000
1,102400,0.009696,0.007091,0.000003,0.002602,0.010413,0.007665,0.000011,0.002737,2.000000,3.000000,4.000000
1,102400,0.012528,0.010357,0.000002,0.002169,0.013118,0.010833,0.000005,0.002280,2.000000,4.000000,4.000000
1,102400,0.017343,0.012825,0.000005,0.004513,0.016858,0.012930,0.000007,0.003921,2.000000,4.000000,4.000000
1,102400,0.016530,0.012760,0.000005,0.003765,0.016620,0.013045,0.000004,0.003571,2.000000,4.000000,4.000000
1,102400,0.009163,0.006573,0.000003,0.002587,0.009941,0.007289,0.000003,0.002649,2.000000,3.000000,4.000000
1,102400,0.005233,0.003759,0.000002,0.001472,0.005623,0.004013,0.000003,0.001607,3.000000,4.000000,4.000000
1,102400,0.010321,0.007928,0.000002,0.002391,0.009828,0.007420,0.000003,0.002405,3.000000,4.000000,4.000000
1,102400,0.016712,0.012639,0.000004,0.004069,0.017001,0.012711,0.000027,0.004263,2.000000,4.000000,4.000000
1,102400,0.017021,0.013319,0.000005,0.003697,0.016614,0.012688,0.000006,0.003920,2.000000,4.000000,5.000000
1,102400,0.017111,0.013311,0.000005,0.003795,0.016797,0.012843,0.000006,0.003948,3.000000,4.000000,5.000000
1,102400,0.010541,0.008013,0.000003,0.002525,0.010557,0.007912,0.000013,0.002632,2.000000,3.000000,4.000000
1,102400,0.008236,0.005777,0.000003,0.002456,0.008563,0.006090,0.000007,0.002466,2.000000,4.000000,4.000000
1,102400,0.006590,0.004736,0.000002,0.001852,0.006908,0.005015,0.000002,0.001891,2.000000,4.000000,4.000000
1,102400,0.005269,0.003732,0.000001,0.001536,0.005678,0.004118,0.000007,0.001553,2.000000,3.000000,4.000000
1,102400,0.005480,0.003651,0.000001,0.001828,0.005750,0.004017,0.000002,0.001731,2.000000,3.000000,4.000000
1,102400,0.005731,0.003467,0.000001,0.002263,0.005335,0.003796,0.000001,0.001538,2.000000,3.000000,4.000000
1,102400,0.005118,0.003559,0.000001,0.001558,0.005493,0.003926,0.000006,0.001561,2.000000,3.000000,4.000000
1,102400,0.005561,0.003664,0.000001,0.001896,0.005819,0.004058,0.000001,0.001760,2.000000,3.000000,4.000000
1,102400,0.005029,0.003528,0.000001,0.001500,0.005239,0.003837,0.000002,0.001400,2.000000,3.000000,4.000000
1,102400,0.015312,0.011919,0.000004,0.003389,0.014934,0.011249,0.000004,0.003681,2.000000,4.000000,4.000000
1,102400,0.020723,0.017116,0.000003,0.003604,0.015190,0.011504,0.000007,0.003679,2.000000,4.000000,4.000000
1,102400,0.010328,0.007038,0.000001,0.003289,0.009887,0.006616,0.000003,0.003268,3.000000,4.000000,5.000000
1,102400,0.010633,0.008542,0.000003,0.002088,0.008170,0.006048,0.000002,0.002120,2.000000,4.000000,4.000000
1,102400,0.005875,0.004293,0.000001,0.001581,0.006612,0.004911,0.000002,0.001699,2.000000,4.000000,4.000000
1,102400,0.006998,0.005265,0.000002,0.001731,0.006583,0.004893,0.000011,0.001679,2.000000,3.000000,4.000000
1,102400,0.005628,0.003767,0.000001,0.001860,0.005812,0.004083,0.000003,0.001726,2.000000,3.000000,4.000000
1,102400,0.005213,0.003711,0.000001,0.001501,0.005596,0.004071,0.000001,0.001524,2.000000,3.000000,4.000000
1,102400,0.005469,0.003829,0.000002,0.001638,0.005782,0.004166,0.000005,0.001611,2.000000,3.000000,4.000000
1,102400,0.005043,0.003619,0.000002,0.001422,0.005320,0.003856,0.000001,0.001463,2.000000,3.000000,4.000000
1,102400,0.006349,0.004026,0.000002,0.002321,0.006017,0.003527,0.000006,0.002484,2.000000,4.000000,4.000000
1,102400,0.009616,0.007341,0.000003,0.002272,0.009213,0.006820,0.000003,0.002390,2.000000,3.000000,4.000000
1,102400,0.009946,0.007422,0.000004,0.002520,0.009708,0.006695,0.000007,0.003006,3.000000,4.000000,4.000000
1,102400,0.009765,0.007194,0.000003,0.002568,0.010583,0.007792,0.000002,0.002789,2.000000,3.000000,4.000000
1,102400,0.017550,0.012606,0.000005,0.004939,0.015663,0.011230,0.000004,0.004429,2.000000,3.000000,4.000000
1,102400,0.016169,0.012507,0.000004,0.003658,0.017001,0.012902,0.000007,0.004092,2.000000,4.000000,4.000000
1,102400,0.009789,0.007032,0.000003,0.002754,0.010752,0.007898,0.000016,0.002838,2.000000,3.000000,4.000000
1,102400,0.007489,0.005523,0.000002,0.001964,0.008034,0.005945,0.000002,0.002087,2.000000,3.000000,4.000000
1,102400,0.017146,0.013417,0.000005,0.003724,0.017442,0.013353,0.000009,0.004080,2.000000,4.000000,4.000000
1,102400,0.009117,0.006185,0.000005,0.002927,0.007421,0.004260,0.000009,0.003152,2.000000,4.000000,4.000000
1,102400,0.007072,0.005132,0.000003,0.001937,0.007655,0.005602,0.000003,0.002050,2.000000,4.000000,4.000000
1,102400,0.007756,0.005603,0.000003,0.002150,0.008043,0.005774,0.000006,0.002263,2.000000,4.000000,4.000000
1,102400,0.007573,0.005531,0.000002,0.002040,0.008135,0.006062,0.000001,0.002072,2.000000,3.000000,4.000000
1,102400,0.016515,0.012650,0.000005,0.003860,0.017149,0.012939,0.000010,0.004200,2.000000,4.000000,4.000000
1,102400,0.015181,0.010830,0.000005,0.004346,0.015792,0.011021,0.000005,0.004766,2.000000,4.000000,4.000000
1,102400,0.011208,0.008210,0.000003,0.002995,0.011957,0.008884,0.000004,0.003069,2.000000,3.000000,4.000000
1,102400,0.009298,0.006866,0.000003,0.002429,0.009621,0.007072,0.000003,0.002546,2.000000,3.000000,4.000000
1,102400,0.004585,0.002995,0.000002,0.001588,0.005001,0.003284,0.000004,0.001713,2.000000,4.000000,4.000000
1,102400,0.015365,0.011744,0.000004,0.003617,0.015663,0.011692,0.000008,0.003963,2.000000,4.000000,4.000000
1,102400,0.013149,0.010227,0.000003,0.002919,0.012813,0.009816,0.000003,0.002994,2.000000,4.000000,4.000000
1,102400,0.016055,0.012664,0.000004,0.003387,0.016222,0.012702,0.000024,0.003496,2.000000,4.000000,4.000000
1,102400,0.016399,0.012509,0.000004,0.003886,0.016369,0.012332,0.000007,0.004030,2.000000,4.000000,4.000000
1,102400,0.015807,0.011157,0.000006,0.004644,0.014888,0.011586,0.000006,0.003296,2.000000,4.000000,4.000000
1,102400,0.011643,0.008727,0.000003,0.002913,0.012461,0.009416,0.000006,0.003039,2.000000,4.000000,4.000000
1,102400,0.007607,0.005581,0.000002,0.002024,0.007944,0.005747,0.000003,0.002194,2.000000,3.000000,4.000000
1,102400,0.006541,0.004512,0.000001,0.002028,0.006943,0.004899,0.000004,0.002040,2.000000,3.000000,4.000000
1,102400,0.005653,0.003782,0.000002,0.001869,0.005961,0.004207,0.000003,0.001751,2.000000,3.000000,4.000000
1,102400,0.005115,0.003617,0.000002,0.001496,0.005462,0.003957,0.000000,0.001505,2.000000,3.000000,4.000000
1,102400,0.015513,0.011584,0.000004,0.003925,0.016048,0.011803,0.000004,0.004241,2.000000,4.000000,4.000000
1,102400,0.010000,0.007343,0.000004,0.002653,0.010523,0.007731,0.000012,0.002780,2.000000,3.000000,4.000000
1,102400,0.011926,0.010033,0.000002,0.001891,0.012204,0.010347,0.000003,0.001854,2.000000,4.000000,4.000000
1,102400,0.006500,0.004630,0.000002,0.001868,0.006831,0.004965,0.000004,0.001862,2.000000,3.000000,4.000000
1,102400,0.006883,0.004836,0.000002,0.002045,0.007268,0.005223,0.000001,0.002044,2.000000,3.000000,4.000000
1,102400,0.006550,0.004539,0.000002,0.002009,0.006898,0.004862,0.000004,0.002032,2.000000,3.000000,4.000000
1,102400,0.006565,0.004538,0.000001,0.002026,0.007066,0.005038,0.000006,0.002022,2.000000,4.000000,4.000000
1,102400,0.006928,0.005342,0.000006,0.001580,0.006247,0.004585,0.000011,0.001651,2.000000,4.000000,4.000000
1,102400,0.015445,0.011149,0.000005,0.004291,0.015801,0.011311,0.000008,0.004482,2.000000,4.000000,4.000000
1,102400,0.011215,0.008532,0.000002,0.002681,0.012142,0.009284,0.000007,0.002851,2.000000,3.000000,4.000000
1,102400,0.009313,0.006953,0.000007,0.002353,0.008668,0.006205,0.000008,0.002455,2.000000,4.000000,4.000000
1,102400,0.006578,0.004811,0.000002,0.001765,0.007162,0.005255,0.000005,0.001902,2.000000,4.000000,4.000000
1,102400,0.012609,0.009426,0.000004,0.003179,0.011579,0.008078,0.000003,0.003498,2.000000,4.000000,4.000000
1,102400,0.007101,0.005179,0.000003,0.001919,0.007806,0.005721,0.000004,0.002081,2.000000,4.000000,4.000000
1,102400,0.016858,0.012837,0.000005,0.004016,0.016515,0.012449,0.000026,0.004040,2.000000,4.000000,4.000000
1,102400,0.012804,0.008895,0.000005,0.003904,0.013495,0.009201,0.000004,0.004290,2.000000,4.000000,4.000000
1,102400,0.017144,0.013323,0.000004,0.003817,0.015816,0.011921,0.000027,0.003868,2.000000,4.000000,4.000000
1,102400,0.008946,0.006526,0.000002,0.002418,0.009745,0.007248,0.000006,0.002491,2.000000,3.000000,4.000000
1,102400,0.013437,0.009913,0.000008,0.003516,0.014681,0.010519,0.000003,0.004159,2.000000,3.000000,4.000000
1,102400,0.011138,0.008335,0.000003,0.002800,0.011935,0.009000,0.000003,0.002932,2.000000,4.000000,4.000000
1,102400,0.014265,0.010550,0.000005,0.003710,0.014337,0.010134,0.000008,0.004195,2.000000,4.000000,4.000000
2,1024,0.005475,0.004162,0.000491,0.000822,0.009672,0.007856,0.000913,0.000903,2.000000,4.000000,4.000000
2,1024,0.004825,0.002653,0.000384,0.001788,0.006066,0.003840,0.000385,0.001841,2.000000,4.000000,4.000000
2,1024,0.011630,0.010413,0.000391,0.000826,0.015371,0.013758,0.000683,0.000930,2.000000,4.000000,4.000000
2,1024,0.003562,0.002446,0.000414,0.000702,0.006264,0.004794,0.000710,0.000760,2.000000,3.000000,4.000000
2,1024,0.007943,0.007055,0.000273,0.000615,0.009459,0.008360,0.000484,0.000615,2.000000,3.000000,4.000000
2,1024,0.006101,0.005351,0.000213,0.000537,0.007252,0.006369,0.000362,0.000521,2.000000,4.000000,4.000000
2,1024,0.004997,0.004416,0.000168,0.000413,0.005924,0.005260,0.000311,0.000353,2.000000,3.000000,4.000000
2,1024,0.014351,0.013059,0.000391,0.000901,0.015738,0.014129,0.000681,0.000928,3.000000,4.000000,4.000000
2,1024,0.008225,0.007437,0.000233,0.000555,0.011828,0.010872,0.000429,0.000527,2.000000,4.000000,4.000000
2,1024,0.006296,0.005546,0.000201,0.000549,0.007415,0.006582,0.000373,0.000460,2.000000,3.000000,4.000000
2,1024,0.007257,0.006654,0.000184,0.000419,0.007291,0.006551,0.000311,0.000429,2.000000,4.000000,4.000000
2,1024,0.004393,0.003962,0.000144,0.000287,0.005950,0.005384,0.000236,0.000330,2.000000,4.000000,4.000000
2,1024,0.001656,0.001429,0.000131,0.000096,0.002559,0.002326,0.000161,0.000072,2.000000,4.000000,4.000000
2,1024,0.003900,0.003482,0.000128,0.000290,0.004924,0.004412,0.000233,0.000279,2.000000,3.000000,3.000000
2,1024,0.001442,0.001045,0.000127,0.000270,0.002325,0.001828,0.000209,0.000288,2.000000,3.000000,3.000000
2,1024,0.003810,0.003401,0.000131,0.000278,0.004793,0.004281,0.000245,0.000267,2.000000,3.000000,3.000000
2,1024,0.004333,0.003584,0.000134,0.000615,0.005009,0.004364,0.000220,0.000425,2.000000,3.000000,4.000000
2,1024,0.001999,0.001754,0.000140,0.000105,0.003002,0.002748,0.000175,0.000079,2.000000,4.000000,4.000000
2,1024,0.009477,0.008557,0.000354,0.000566,0.011531,0.010236,0.000585,0.000710,2.000000,4.000000,4.000000
2,1024,0.005990,0.005492,0.000358,0.000140,0.007499,0.006895,0.000447,0.000157,2.000000,4.000000,4.000000
2,1024,0.009999,0.009352,0.000155,0.000492,0.008319,0.007619,0.000284,0.000416,2.000000,4.000000,4.000000
2,1024,0.012560,0.011030,0.000404,0.001126,0.016097,0.014256,0.000611,0.001230,2.000000,4.000000,4.000000
2,1024,0.010068,0.008965,0.000375,0.000728,0.012443,0.010946,0.000751,0.000746,2.000000,4.000000,4.000000
2,1024,0.009532,0.008583,0.000350,0.000599,0.012282,0.010929,0.000603,0.000750,2.000000,4.000000,4.000000
2,1024,0.011408,0.009891,0.000409,0.001108,0.012897,0.011019,0.000642,0.001236,2.000000,4.000000,4.000000
2,1024,0.007957,0.007068,0.000265,0.000624,0.009545,0.008457,0.000480,0.000608,2.000000,4.000000,4.000000
2,1024,0.005702,0.004702,0.000679,0.000321,0.007095,0.004684,0.002079,0.000332,2.000000,4.000000,4.000000
2,1024,0.006417,0.005936,0.000150,0.000331,0.008369,0.007715,0.000284,0.000370,2.000000,4.000000,4.000000
2,1024,0.003988,0.003632,0.000131,0.000225,0.005441,0.004945,0.000210,0.000286,2.000000,4.000000,4.000000
2,1024,0.010218,0.009125,0.000359,0.000734,0.011728,0.010325,0.000572,0.000831,2.000000,4.000000,4.000000
2,1024,0.006658,0.005587,0.000214,0.000857,0.007813,0.006882,0.000347,0.000584,2.000000,4.000000,4.000000
2,1024,0.003663,0.002759,0.000186,0.000718,0.005057,0.003998,0.000378,0.000681,2.000000,4.000000,4.000000
2,1024,0.004341,0.004062,0.000157,0.000122,0.005632,0.005271,0.000251,0.000110,2.000000,4.000000,4.000000
2,1024,0.004311,0.003855,0.000137,0.000319,0.005135,0.004581,0.000227,0.000327,2.000000,4.000000,4.000000
2,1024,0.003972,0.003571,0.000128,0.000273,0.005034,0.004532,0.000247,0.000255,2.000000,3.000000,3.000000
2,1024,0.003906,0.003487,0.000128,0.000291,0.004792,0.004285,0.000223,0.000284,2.000000,3.000000,3.000000
2,1024,0.001467,0.001055,0.000128,0.000284,0.002583,0.002057,0.000233,0.000293,2.000000,3.000000,3.000000
2,1024,0.007148,0.006560,0.000183,0.000405,0.007460,0.006734,0.000328,0.000398,2.000000,4.000000,4.000000
2,1024,0.004179,0.003655,0.000173,0.000351,0.005161,0.004482,0.000300,0.000379,2.000000,4.000000,4.000000
2,1024,0.004135,0.003717,0.000131,0.000287,0.005077,0.004566,0.000234,0.000277,2.000000,3.000000,3.000000
2,1024,0.005896,0.005238,0.000201,0.000457,0.007805,0.006998,0.000361,0.000446,2.000000,3.000000,4.000000
2,1024,0.003631,0.002626,0.000341,0.000664,0.006267,0.004769,0.000722,0.000776,2.000000,4.000000,4.000000
2,1024,0.010384,0.009523,0.000267,0.000594,0.012214,0.011132,0.000496,0.000586,2.000000,4.000000,4.000000
2,1024,0.007133,0.006322,0.000233,0.000578,0.008712,0.007791,0.000467,0.000454,2.000000,3.000000,3.000000
2,1024,0.005952,0.005337,0.000179,0.000436,0.008469,0.007756,0.000332,0.000381,2.000000,3.000000,4.000000
2,1024,0.003485,0.003203,0.000159,0.000123,0.004832,0.004531,0.000204,0.000097,2.000000,4.000000,4.000000
2,1024,0.010275,0.008861,0.000412,0.001002,0.013284,0.011423,0.000821,0.001040,2.000000,4.000000,4.000000
2,1024,0.008720,0.007845,0.000334,0.000541,0.010897,0.009810,0.000518,0.000569,2.000000,4.000000,4.000000
2,1024,0.005366,0.004109,0.000313,0.000944,0.008310,0.006726,0.000612,0.000972,3.000000,4.000000,4.000000
2,1024,0.013936,0.012558,0.000391,0.000987,0.017234,0.015501,0.000721,0.001012,3.000000,4.000000,4.000000
2,1024,0.003764,0.002412,0.001132,0.000220,0.006747,0.003505,0.003016,0.000226,2.000000,4.000000,4.000000
2,1024,0.008397,0.007391,0.000356,0.000650,0.011310,0.009913,0.000602,0.000795,2.000000,4.000000,4.000000
2,1024,0.009999,0.008916,0.000315,0.000768,0.012115,0.010814,0.000548,0.000753,2.000000,4.000000,4.000000
2,1024,0.006381,0.005705,0.000200,0.000476,0.008087,0.007278,0.000349,0.000460,2.000000,3.000000,4.000000
2,1024,0.001970,0.001431,0.000180,0.000359,0.003332,0.002639,0.000294,0.000399,2.000000,3.000000,3.000000
2,1024,0.004936,0.004449,0.000164,0.000323,0.006626,0.006009,0.000255,0.000362,2.000000,3.000000,3.000000
2,1024,0.002823,0.002597,0.000142,0.000084,0.003964,0.003713,0.000175,0.000076,2.000000,4.000000,4.000000
2,1024,0.003903,0.003469,0.000130,0.000304,0.005294,0.004778,0.000217,0.000299,2.000000,3.000000,3.000000
2,1024,0.003821,0.003423,0.000126,0.000272,0.004882,0.004387,0.000244,0.000251,2.000000,3.000000,3.000000
2,1024,0.001498,0.001080,0.000133,0.000285,0.002445,0.001930,0.000228,0.000287,2.000000,3.000000,3.000000
2,1024,0.003886,0.003424,0.000127,0.000335,0.004749,0.004244,0.000206,0.000299,2.000000,3.000000,3.000000
2,1024,0.002474,0.002256,0.000129,0.000089,0.003382,0.003163,0.000156,0.000063,2.000000,4.000000,4.000000
2,1024,0.004015,0.003576,0.000127,0.000312,0.005257,0.004742,0.000224,0.000291,2.000000,3.000000,3.000000
2,1024,0.004090,0.003692,0.000127,0.000271,0.004889,0.004397,0.000205,0.000287,2.000000,3.000000,3.000000
2,1024,0.003754,0.003366,0.000129,0.000259,0.005036,0.004539,0.000245,0.000252,2.000000,3.000000,3.000000
2,1024,0.003792,0.003376,0.000126,0.000290,0.004667,0.004194,0.000221,0.000252,2.000000,3.000000,3.000000
2,1024,0.003881,0.003468,0.000130,0.000283,0.004694,0.004175,0.000226,0.000293,2.000000,3.000000,3.000000
2,1024,0.003889,0.003464,0.000126,0.000299,0.004835,0.004325,0.000221,0.000289,2.000000,3.000000,3.000000
2,1024,0.003843,0.003380,0.000134,0.000329,0.004634,0.004104,0.000229,0.000301,2.000000,4.000000,4.000000
2,1024,0.002751,0.002533,0.000133,0.000085,0.003734,0.003523,0.000148,0.000063,2.000000,4.000000,4.000000
2,1024,0.003930,0.003513,0.000126,0.000291,0.004910,0.004405,0.000240,0.000265,2.000000,3.000000,3.000000
2,1024,0.001511,0.001075,0.000127,0.000309,0.002602,0.002100,0.000211,0.000291,2.000000,3.000000,3.000000
2,1024,0.004143,0.003726,0.000128,0.000289,0.005224,0.004700,0.000231,0.000293,2.000000,4.000000,4.000000
2,1024,0.001655,0.001004,0.000408,0.000243,0.002932,0.001538,0.001169,0.000225,2.000000,3.000000,3.000000
2,1024,0.003790,0.003389,0.000128,0.000273,0.004852,0.004348,0.000216,0.000288,2.000000,3.000000,3.000000
2,1024,0.003849,0.003446,0.000131,0.000272,0.005065,0.004568,0.000221,0.000276,2.000000,3.000000,4.000000
2,1024,0.003922,0.003501,0.000131,0.000290,0.005013,0.004512,0.000244,0.000257,2.000000,3.000000,3.000000
2,1024,0.001561,0.001007,0.000280,0.000274,0.002538,0.001296,0.001032,0.000210,2.000000,3.000000,3.000000
2,1024,0.003854,0.003415,0.000126,0.000313,0.004615,0.004107,0.000222,0.000286,2.000000,3.000000,3.000000
2,1024,0.003846,0.003394,0.000130,0.000322,0.004585,0.004082,0.000242,0.000261,2.000000,3.000000,3.000000
2,1024,0.003911,0.003450,0.000127,0.000334,0.005042,0.004534,0.000247,0.000261,2.000000,3.000000,3.000000
2,1024,0.003878,0.003410,0.000134,0.000334,0.004931,0.004411,0.000245,0.000275,2.000000,3.000000,3.000000
2,1024,0.003823,0.003419,0.000136,0.000268,0.004604,0.004108,0.000206,0.000290,2.000000,3.000000,3.000000
2,1024,0.001874,0.001646,0.000129,0.000099,0.002658,0.002436,0.000154,0.000068,2.000000,4.000000,4.000000
2,1024,0.003847,0.003450,0.000128,0.000269,0.004676,0.004186,0.000210,0.000280,2.000000,3.000000,3.000000
2,1024,0.003934,0.003442,0.000132,0.000360,0.004858,0.004289,0.000247,0.000322,2.000000,3.000000,4.000000
2,1024,0.003878,0.003439,0.000127,0.000312,0.004664,0.004166,0.000197,0.000301,2.000000,3.000000,3.000000
2,1024,0.005290,0.004410,0.000149,0.000731,0.005290,0.004406,0.000272,0.000612,2.000000,3.000000,4.000000
2,1024,0.003518,0.003013,0.000127,0.000378,0.004092,0.003575,0.000235,0.000282,2.000000,3.000000,4.000000
2,1024,0.002500,0.002291,0.000129,0.000080,0.003621,0.003399,0.000158,0.000064,2.000000,4.000000,4.000000
2,1024,0.002663,0.002417,0.000127,0.000119,0.003887,0.003666,0.000156,0.000065,2.000000,4.000000,4.000000
2,1024,0.003883,0.003409,0.000130,0.000344,0.004744,0.004201,0.000238,0.000305,2.000000,3.000000,3.000000
2,1024,0.002131,0.001891,0.000127,0.000113,0.002870,0.002653,0.000153,0.000064,2.000000,4.000000,4.000000
2,1024,0.003760,0.003369,0.000130,0.000261,0.004734,0.004239,0.000198,0.000297,2.000000,3.000000,3.000000
2,1024,0.002384,0.002163,0.000127,0.000094,0.003398,0.003182,0.000152,0.000064,2.000000,4.000000,4.000000
2,1024,0.002825,0.002610,0.000129,0.000086,0.003686,0.003470,0.000155,0.000061,2.000000,4.000000,4.000000
2,1024,0.001460,0.001053,0.000129,0.000278,0.002388,0.001870,0.000232,0.000286,2.000000,3.000000,4.000000
2,1024,0.003867,0.003469,0.000125,0.000273,0.004697,0.004205,0.000247,0.000245,2.000000,3.000000,3.000000
2,1024,0.001540,0.001019,0.000262,0.000259,0.002457,0.001205,0.000970,0.000282,2.000000,3.000000,3.000000
2,1024,0.003784,0.003409,0.000131,0.000244,0.004656,0.004168,0.000204,0.000284,2.000000,3.000000,3.000000
2,1024,0.002389,0.001974,0.000136,0.000279,0.004121,0.003584,0.000242,0.000295,2.000000,4.000000,4.000000
2,1024,0.003979,0.003508,0.000132,0.000339,0.005208,0.004697,0.000235,0.000276,2.000000,3.000000,3.000000
2,1024,0.004093,0.003636,0.000139,0.000318,0.004806,0.004252,0.000246,0.000308,2.000000,3.000000,3.000000
2,1024,0.004209,0.003744,0.000133,0.000332,0.005092,0.004550,0.000229,0.000313,2.000000,4.000000,4.000000
2,1024,0.005036,0.004630,0.000129,0.000277,0.005462,0.004947,0.000200,0.000315,2.000000,4.000000,4.000000
2,1024,0.003749,0.003369,0.000125,0.000255,0.004681,0.004196,0.000198,0.000287,2.000000,3.000000,3.000000
2,1024,0.004034,0.003619,0.000130,0.000285,0.004804,0.004326,0.000221,0.000257,2.000000,4.000000,4.000000
2,1024,0.004279,0.003858,0.000141,0.000280,0.005731,0.005172,0.000240,0.000319,2.000000,4.000000,4.000000
2,1024,0.004172,0.003731,0.000128,0.000313,0.005286,0.004840,0.000205,0.000241,2.000000,3.000000,3.000000
2,1024,0.003828,0.003405,0.000129,0.000294,0.004687,0.004189,0.000220,0.000278,2.000000,3.000000,3.000000
2,1024,0.003955,0.003566,0.000127,0.000262,0.005517,0.005026,0.000201,0.000290,2.000000,3.000000,3.000000
2,1024,0.001868,0.001654,0.000128,0.000086,0.002743,0.002516,0.000163,0.000064,2.000000,4.000000,4.000000
2,1024,0.015223,0.013961,0.000396,0.000866,0.015960,0.014384,0.000689,0.000887,2.000000,4.000000,4.000000
2,1024,0.012132,0.010634,0.000383,0.001115,0.013300,0.011568,0.000700,0.001032,2.000000,4.000000,4.000000
2,1024,0.005903,0.005492,0.000273,0.000138,0.006038,0.005546,0.000345,0.000147,3.000000,4.000000,4.000000
2,1024,0.007769,0.006983,0.000236,0.000550,0.010603,0.009631,0.000440,0.000532,2.000000,4.000000,4.000000
2,1024,0.012068,0.011260,0.000365,0.000443,0.012613,0.011895,0.000365,0.000353,2.000000,4.000000,4.000000
2,10240,0.008930,0.007353,0.000206,0.001371,0.008379,0.007282,0.000364,0.000733,2.000000,4.000000,4.000000
2,10240,0.006223,0.005420,0.000226,0.000577,0.007774,0.006753,0.000383,0.000638,2.000000,3.000000,4.000000
2,10240,0.011017,0.009783,0.000361,0.000873,0.013690,0.012043,0.000659,0.000988,2.000000,4.000000,4.000000
2,10240,0.007576,0.006902,0.000304,0.000370,0.009852,0.009108,0.000438,0.000306,3.000000,4.000000,4.000000
2,10240,0.010755,0.009650,0.000363,0.000742,0.013250,0.011737,0.000604,0.000909,2.000000,4.000000,4.000000
2,10240,0.013712,0.011481,0.000541,0.001690,0.015099,0.012566,0.000851,0.001682,2.000000,4.000000,4.000000
2,10240,0.008627,0.007561,0.000265,0.000801,0.010617,0.009383,0.000474,0.000760,2.000000,4.000000,4.000000
2,10240,0.006425,0.005637,0.000200,0.000588,0.007879,0.006933,0.000345,0.000601,2.000000,4.000000,4.000000
2,10240,0.011692,0.010484,0.000344,0.000864,0.013187,0.011632,0.000624,0.000931,2.000000,4.000000,4.000000
2,10240,0.012224,0.010763,0.000318,0.001143,0.013499,0.011804,0.000483,0.001212,2.000000,4.000000,4.000000
2,10240,0.005363,0.004784,0.000261,0.000318,0.007782,0.007166,0.000366,0.000250,2.000000,4.000000,4.000000
2,10240,0.013055,0.011289,0.000460,0.001306,0.014879,0.012770,0.000752,0.001357,3.000000,4.000000,4.000000
2,10240,0.012016,0.010132,0.000473,0.001411,0.014259,0.011904,0.000889,0.001466,3.000000,4.000000,4.000000
2,10240,0.009566,0.008575,0.000270,0.000721,0.010539,0.009277,0.000502,0.000760,2.000000,4.000000,4.000000
2,10240,0.006191,0.005442,0.000185,0.000564,0.008823,0.007902,0.000338,0.000583,2.000000,4.000000,4.000000
2,10240,0.005249,0.004493,0.000174,0.000582,0.006808,0.006001,0.000283,0.000524,2.000000,3.000000,4.000000
2,10240,0.004615,0.003905,0.000143,0.000567,0.005742,0.005021,0.000288,0.000433,2.000000,4.000000,4.000000
2,10240,0.004728,0.004155,0.000143,0.000430,0.004878,0.004200,0.000220,0.000458,2.000000,4.000000,4.000000
2,10240,0.004405,0.003713,0.000146,0.000546,0.005107,0.004384,0.000248,0.000475,2.000000,4.000000,4.000000
2,10240,0.012273,0.010113,0.000560,0.001600,0.014448,0.011770,0.000881,0.001797,2.000000,4.000000,4.000000
2,10240,0.014574,0.012684,0.000395,0.001495,0.015758,0.013609,0.000708,0.001441,2.000000,4.000000,4.000000
2,10240,0.008609,0.007583,0.000262,0.000764,0.010419,0.009268,0.000462,0.000689,2.000000,3.000000,4.000000
2,10240,0.004667,0.002884,0.000349,0.001434,0.007147,0.005516,0.000349,0.001282,2.000000,4.000000,4.000000
2,10240,0.014142,0.012404,0.000399,0.001339,0.014589,0.012446,0.000674,0.001469,2.000000,4.000000,4.000000
2,10240,0.012765,0.011174,0.000386,0.001205,0.013912,0.011978,0.000712,0.001222,3.000000,4.000000,4.000000
2,10240,0.008921,0.007942,0.000267,0.000712,0.011374,0.010149,0.000486,0.000739,2.000000,4.000000,4.000000
2,10240,0.014831,0.013265,0.000387,0.001179,0.016646,0.014664,0.000724,0.001258,3.000000,4.000000,4.000000
2,10240,0.009713,0.008805,0.000241,0.000667,0.010401,0.009272,0.000413,0.000716,2.000000,4.000000,4.000000
2,10240,0.006020,0.005273,0.000186,0.000561,0.007390,0.006504,0.000339,0.000547,2.000000,4.000000,4.000000
2,10240,0.011326,0.010183,0.000245,0.000898,0.011391,0.010083,0.000434,0.000874,2.000000,4.000000,4.000000
2,10240,0.014649,0.013181,0.000391,0.001077,0.016569,0.014731,0.000723,0.001115,3.000000,4.000000,4.000000
2,10240,0.008704,0.007142,0.000261,0.001301,0.010055,0.008670,0.000468,0.000917,2.000000,3.000000,4.000000
2,10240,0.007606,0.006764,0.000207,0.000635,0.009500,0.008508,0.000370,0.000622,2.000000,3.000000,4.000000
2,10240,0.005827,0.005099,0.000179,0.000549,0.007044,0.006177,0.000322,0.000545,2.000000,4.000000,4.000000
2,10240,0.005053,0.004412,0.000151,0.000490,0.005990,0.005249,0.000287,0.000454,2.000000,3.000000,4.000000
2,10240,0.013274,0.011459,0.000385,0.001430,0.014748,0.012642,0.000615,0.001491,2.000000,4.000000,4.000000
2,10240,0.008370,0.007328,0.000264,0.000778,0.010251,0.008988,0.000513,0.000750,2.000000,3.000000,4.000000
2,10240,0.012639,0.010889,0.000397,0.001353,0.014638,0.012507,0.000626,0.001505,2.000000,4.000000,4.000000
2,10240,0.003632,0.003100,0.000263,0.000269,0.005867,0.005225,0.000393,0.000249,2.000000,4.000000,4.000000
2,10240,0.011993,0.010287,0.000394,0.001312,0.013280,0.011194,0.000744,0.001342,3.000000,4.000000,4.000000
2,10240,0.006957,0.006313,0.000405,0.000239,0.009038,0.008154,0.000568,0.000316,2.000000,4.000000,4.000000
2,10240,0.014527,0.012801,0.000402,0.001324,0.015842,0.013757,0.000750,0.001335,2.000000,4.000000,4.000000
2,10240,0.008087,0.007104,0.000246,0.000737,0.009859,0.008679,0.000466,0.000714,2.000000,3.000000,4.000000
2,10240,0.014203,0.012918,0.000335,0.000950,0.016065,0.014457,0.000610,0.000998,2.000000,4.000000,4.000000
2,10240,0.012488,0.010784,0.000385,0.001319,0.015694,0.013673,0.000621,0.001400,2.000000,4.000000,4.000000
2,10240,0.008203,0.007210,0.000267,0.000726,0.009805,0.008566,0.000459,0.000780,2.000000,4.000000,4.000000
2,10240,0.014796,0.013193,0.000453,0.001150,0.017224,0.015205,0.000815,0.001204,2.000000,4.000000,4.000000
2,10240,0.008208,0.006668,0.000364,0.001176,0.009626,0.007945,0.000413,0.001268,2.000000,4.000000,4.000000
2,10240,0.014243,0.012432,0.000403,0.001408,0.015769,0.013545,0.000763,0.001461,3.000000,4.000000,4.000000
2,10240,0.005623,0.004112,0.000304,0.001207,0.007022,0.005327,0.000413,0.001282,2.000000,4.000000,4.000000
2,10240,0.006501,0.005649,0.000220,0.000632,0.008002,0.006944,0.000395,0.000663,2.000000,3.000000,4.000000
2,10240,0.005695,0.004988,0.000183,0.000524,0.007167,0.006328,0.000350,0.000489,2.000000,3.000000,4.000000
2,10240,0.004778,0.004116,0.000228,0.000434,0.005911,0.005111,0.000403,0.000397,2.000000,4.000000,4.000000
2,10240,0.004205,0.003540,0.000140,0.000525,0.005047,0.004401,0.000248,0.000398,2.000000,3.000000,4.000000
2,10240,0.004110,0.003567,0.000127,0.000416,0.004884,0.004275,0.000229,0.000380,2.000000,3.000000,4.000000
2,10240,0.004186,0.003623,0.000135,0.000428,0.005076,0.004412,0.000229,0.000435,2.000000,4.000000,4.000000
2,10240,0.004111,0.003475,0.000127,0.000509,0.004904,0.004273,0.000257,0.000374,2.000000,3.000000,3.000000
2,10240,0.001800,0.001144,0.000128,0.000528,0.002591,0.001948,0.000237,0.000406,2.000000,3.000000,3.000000
2,10240,0.004066,0.003415,0.000132,0.000519,0.005194,0.004552,0.000219,0.000423,2.000000,3.000000,4.000000
2,10240,0.003950,0.003430,0.000127,0.000393,0.004777,0.004193,0.000195,0.000389,2.000000,3.000000,3.000000
2,10240,0.004060,0.003410,0.000126,0.000524,0.004807,0.004187,0.000228,0.000392,2.000000,3.000000,4.000000
2,10240,0.004187,0.003579,0.000130,0.000478,0.005052,0.004425,0.000225,0.000402,2.000000,3.000000,3.000000
2,10240,0.003900,0.003377,0.000127,0.000396,0.004808,0.004217,0.000201,0.000390,2.000000,3.000000,3.000000
2,10240,0.004018,0.003472,0.000127,0.000419,0.004784,0.004183,0.000207,0.000394,2.000000,3.000000,4.000000
2,10240,0.004088,0.003477,0.000128,0.000483,0.004805,0.004157,0.000223,0.000425,2.000000,3.000000,3.000000
2,10240,0.004148,0.003603,0.000128,0.000417,0.005070,0.004456,0.000251,0.000363,2.000000,3.000000,4.000000
2,10240,0.004070,0.003486,0.000133,0.000451,0.005004,0.004327,0.000254,0.000423,2.000000,3.000000,3.000000
2,10240,0.002034,0.001132,0.000542,0.000360,0.002903,0.001312,0.001274,0.000317,2.000000,3.000000,4.000000
2,10240,0.012534,0.011264,0.000376,0.000894,0.014500,0.012898,0.000700,0.000902,2.000000,4.000000,4.000000
2,10240,0.010032,0.008959,0.000268,0.000805,0.011903,0.010647,0.000481,0.000775,2.000000,4.000000,4.000000
2,10240,0.003900,0.003413,0.000230,0.000257,0.005491,0.004911,0.000347,0.000233,2.000000,4.000000,4.000000
2,10240,0.004573,0.004160,0.000189,0.000224,0.006149,0.005784,0.000182,0.000183,2.000000,4.000000,4.000000
2,10240,0.005398,0.004633,0.000169,0.000596,0.006470,0.005693,0.000259,0.000518,2.000000,3.000000,4.000000
2,10240,0.004985,0.004240,0.000141,0.000604,0.006126,0.005395,0.000238,0.000493,2.000000,4.000000,4.000000
2,10240,0.005392,0.004843,0.000138,0.000411,0.005025,0.004369,0.000257,0.000399,2.000000,4.000000,4.000000
2,10240,0.004294,0.003704,0.000133,0.000457,0.005363,0.004699,0.000242,0.000422,2.000000,3.000000,4.000000
2,10240,0.014125,0.012665,0.000385,0.001075,0.015498,0.013655,0.000716,0.001127,2.000000,4.000000,4.000000
2,10240,0.008446,0.007377,0.000268,0.000801,0.009959,0.008740,0.000477,0.000742,2.000000,3.000000,4.000000
2,10240,0.006557,0.005734,0.000203,0.000620,0.007741,0.006798,0.000323,0.000620,2.000000,3.000000,4.000000
2,10240,0.006087,0.005302,0.000184,0.000601,0.007123,0.006231,0.000348,0.000544,2.000000,4.000000,4.000000
2,10240,0.014058,0.012689,0.000316,0.001053,0.015519,0.013931,0.000567,0.001021,2.000000,4.000000,4.000000
2,10240,0.008610,0.007571,0.000280,0.000759,0.010006,0.008706,0.000502,0.000798,2.000000,4.000000,4.000000
2,10240,0.006592,0.005741,0.000202,0.000649,0.007871,0.006875,0.000367,0.000629,2.000000,4.000000,4.000000
2,10240,0.005104,0.004396,0.000153,0.000555,0.006167,0.005424,0.000279,0.000464,2.000000,3.000000,4.000000
2,10240,0.014132,0.012750,0.000314,0.001068,0.015805,0.014163,0.000561,0.001081,2.000000,4.000000,4.000000
2,10240,0.005091,0.003392,0.000363,0.001336,0.006523,0.004754,0.000361,0.001408,2.000000,3.000000,4.000000
2,10240,0.006966,0.006149,0.000206,0.000611,0.008344,0.007356,0.000369,0.000619,2.000000,4.000000,4.000000
2,10240,0.004601,0.003421,0.000462,0.000718,0.005958,0.004284,0.000771,0.000903,2.000000,4.000000,4.000000
2,10240,0.004691,0.004315,0.000165,0.000211,0.005606,0.005160,0.000270,0.000176,2.000000,4.000000,4.000000
2,10240,0.004223,0.003677,0.000132,0.000414,0.005202,0.004562,0.000236,0.000404,2.000000,3.000000,4.000000
2,10240,0.008783,0.006876,0.000633,0.001274,0.008776,0.006484,0.000915,0.001377,2.000000,4.000000,4.000000
2,10240,0.013826,0.011953,0.000396,0.001477,0.015360,0.013333,0.000593,0.001434,2.000000,4.000000,4.000000
2,10240,0.007963,0.007024,0.000227,0.000712,0.010125,0.009019,0.000424,0.000682,2.000000,3.000000,4.000000
2,10240,0.006890,0.006134,0.000196,0.000560,0.007748,0.006844,0.000331,0.000573,2.000000,3.000000,4.000000
2,10240,0.005245,0.004561,0.000169,0.000515,0.006523,0.005726,0.000285,0.000512,2.000000,4.000000,4.000000
2,10240,0.004407,0.003853,0.000135,0.000419,0.005238,0.004607,0.000263,0.000368,2.000000,3.000000,4.000000
2,10240,0.002336,0.001690,0.000226,0.000420,0.003859,0.003012,0.000413,0.000434,2.000000,4.000000,4.000000
2,10240,0.002123,0.001042,0.000708,0.000373,0.003148,0.001294,0.001451,0.000403,2.000000,3.000000,3.000000
2,10240,0.004273,0.003743,0.000131,0.000399,0.005284,0.004661,0.000204,0.000419,2.000000,3.000000,4.000000
2,10240,0.004179,0.003649,0.000132,0.000398,0.004987,0.004372,0.000243,0.000372,2.000000,4.000000,4.000000
2,102400,0.005076,0.003666,0.000132,0.001278,0.006135,0.004539,0.000229,0.001367,2.000000,3.000000,4.000000
2,102400,0.014610,0.009938,0.000377,0.004295,0.016705,0.011218,0.000639,0.004848,2.000000,4.000000,4.000000
2,102400,0.012630,0.009580,0.000292,0.002758,0.013254,0.009817,0.000459,0.002978,2.000000,4.000000,4.000000
2,102400,0.016180,0.012343,0.000387,0.003450,0.018403,0.013973,0.000698,0.003732,2.000000,4.000000,4.000000
2,102400,0.015960,0.012228,0.000369,0.003363,0.019082,0.014808,0.000693,0.003581,2.000000,4.000000,4.000000
2,102400,0.009594,0.006588,0.000236,0.002770,0.011297,0.007857,0.000439,0.003001,2.000000,4.000000,4.000000
2,102400,0.005176,0.003436,0.000189,0.001551,0.006980,0.005073,0.000364,0.001543,2.000000,4.000000,4.000000
2,102400,0.005986,0.004402,0.000153,0.001431,0.007388,0.005594,0.000302,0.001492,2.000000,3.000000,4.000000
2,102400,0.004916,0.003372,0.000235,0.001309,0.005978,0.004245,0.000279,0.001454,2.000000,4.000000,4.000000
2,102400,0.004901,0.003435,0.000127,0.001339,0.005753,0.004164,0.000252,0.001337,2.000000,3.000000,4.000000
2,102400,0.006646,0.003543,0.000131,0.002972,0.006588,0.004265,0.000256,0.002067,2.000000,4.000000,4.000000
2,102400,0.005024,0.003611,0.000127,0.001286,0.006228,0.004641,0.000249,0.001338,2.000000,4.000000,4.000000
2,102400,0.005095,0.003388,0.000131,0.001576,0.005937,0.004183,0.000262,0.001492,2.000000,3.000000,4.000000
2,102400,0.005053,0.003628,0.000128,0.001297,0.005844,0.004266,0.000246,0.001332,2.000000,4.000000,4.000000
2,102400,0.004945,0.003550,0.000126,0.001269,0.005748,0.004197,0.000202,0.001349,2.000000,3.000000,4.000000
2,102400,0.004955,0.003481,0.000126,0.001348,0.006019,0.004424,0.000232,0.001363,2.000000,3.000000,4.000000
2,102400,0.002626,0.001067,0.000131,0.001428,0.003901,0.002196,0.000254,0.001451,2.000000,3.000000,4.000000
2,102400,0.004877,0.003487,0.000134,0.001256,0.006072,0.004504,0.000218,0.001350,2.000000,4.000000,4.000000
2,102400,0.004793,0.003411,0.000132,0.001250,0.005704,0.004135,0.000208,0.001361,2.000000,3.000000,4.000000
2,102400,0.004903,0.003411,0.000126,0.001366,0.005789,0.004191,0.000199,0.001399,2.000000,3.000000,4.000000
2,102400,0.005623,0.004197,0.000139,0.001287,0.005865,0.004247,0.000240,0.001378,2.000000,4.000000,4.000000
2,102400,0.003678,0.002582,0.000126,0.000970,0.004749,0.003490,0.000255,0.001004,2.000000,4.000000,4.000000
2,102400,0.004819,0.003427,0.000127,0.001265,0.005652,0.004097,0.000207,0.001348,2.000000,3.000000,4.000000
2,102400,0.011727,0.007678,0.000482,0.003567,0.014419,0.009671,0.000545,0.004203,2.000000,4.000000,4.000000
2,102400,0.008266,0.005778,0.000311,0.002177,0.010877,0.007871,0.000607,0.002399,2.000000,4.000000,4.000000
2,102400,0.008869,0.006212,0.000230,0.002427,0.010334,0.007413,0.000414,0.002507,2.000000,3.000000,4.000000
2,102400,0.007145,0.005095,0.000182,0.001868,0.008472,0.006134,0.000322,0.002016,2.000000,4.000000,4.000000
2,102400,0.003204,0.001919,0.000152,0.001133,0.004462,0.002970,0.000293,0.001199,2.000000,4.000000,4.000000
2,102400,0.003718,0.001855,0.000147,0.001716,0.004824,0.002858,0.000281,0.001685,2.000000,4.000000,4.000000
2,102400,0.005105,0.003428,0.000129,0.001548,0.006199,0.004442,0.000240,0.001517,2.000000,3.000000,4.000000
2,102400,0.005114,0.003397,0.000131,0.001586,0.006046,0.004297,0.000236,0.001513,2.000000,3.000000,4.000000
2,102400,0.004931,0.003453,0.000132,0.001346,0.005970,0.004382,0.000253,0.001335,2.000000,3.000000,4.000000
2,102400,0.004921,0.003806,0.000139,0.000976,0.005698,0.004357,0.000285,0.001056,3.000000,4.000000,4.000000
2,102400,0.005032,0.003591,0.000132,0.001309,0.006117,0.004500,0.000243,0.001374,2.000000,4.000000,4.000000
2,102400,0.004808,0.003438,0.000126,0.001244,0.005941,0.004402,0.000220,0.001319,2.000000,3.000000,4.000000
2,102400,0.004786,0.003379,0.000131,0.001276,0.005913,0.004343,0.000225,0.001345,2.000000,3.000000,4.000000
2,102400,0.004875,0.003387,0.000132,0.001356,0.005944,0.004336,0.000203,0.001405,2.000000,3.000000,4.000000
2,102400,0.005307,0.003582,0.000125,0.001600,0.006019,0.004259,0.000202,0.001558,2.000000,3.000000,4.000000
2,102400,0.005372,0.003537,0.000129,0.001706,0.006314,0.004478,0.000212,0.001624,2.000000,3.000000,4.000000
2,102400,0.004716,0.003394,0.000129,0.001193,0.005840,0.004327,0.000199,0.001314,2.000000,3.000000,4.000000
2,102400,0.004994,0.003502,0.000126,0.001366,0.006133,0.004496,0.000209,0.001428,2.000000,3.000000,4.000000
2,102400,0.005198,0.003504,0.000134,0.001560,0.006008,0.004248,0.000229,0.001531,2.000000,3.000000,4.000000
2,102400,0.004873,0.003459,0.000131,0.001283,0.005859,0.004276,0.000249,0.001334,2.000000,3.000000,4.000000
2,102400,0.004816,0.003389,0.000127,0.001300,0.005824,0.004238,0.000217,0.001369,2.000000,3.000000,4.000000
2,102400,0.002982,0.001867,0.000127,0.000988,0.003949,0.002669,0.000243,0.001037,2.000000,4.000000,4.000000
2,102400,0.004977,0.003401,0.000132,0.001444,0.006003,0.004326,0.000206,0.001471,2.000000,3.000000,4.000000
2,102400,0.003722,0.002597,0.000132,0.000993,0.004986,0.003696,0.000264,0.001026,2.000000,4.000000,4.000000
2,102400,0.004803,0.003406,0.000126,0.001271,0.005851,0.004311,0.000194,0.001346,2.000000,3.000000,4.000000
2,102400,0.005092,0.003484,0.000130,0.001478,0.005964,0.004348,0.000223,0.001393,2.000000,3.000000,4.000000
2,102400,0.004857,0.003438,0.000126,0.001293,0.005939,0.004359,0.000219,0.001361,2.000000,3.000000,4.000000
2,102400,0.004887,0.003397,0.000132,0.001358,0.005782,0.004165,0.000237,0.001380,2.000000,3.000000,4.000000
2,102400,0.004812,0.003372,0.000130,0.001310,0.005751,0.004166,0.000252,0.001333,2.000000,3.000000,4.000000
2,102400,0.005034,0.003475,0.000126,0.001433,0.006165,0.004532,0.000202,0.001431,2.000000,3.000000,4.000000
2,102400,0.005150,0.003730,0.000138,0.001282,0.005806,0.004197,0.000268,0.001341,2.000000,3.000000,4.000000
2,102400,0.004792,0.003463,0.000126,0.001203,0.006139,0.004634,0.000201,0.001304,2.000000,3.000000,4.000000
2,102400,0.002584,0.001061,0.000227,0.001296,0.003845,0.001519,0.000970,0.001356,2.000000,3.000000,4.000000
2,102400,0.004817,0.003472,0.000128,0.001217,0.005719,0.004162,0.000227,0.001330,2.000000,3.000000,4.000000
2,102400,0.003669,0.002549,0.000134,0.000986,0.004924,0.003617,0.000256,0.001051,2.000000,4.000000,4.000000
2,102400,0.005238,0.003563,0.000127,0.001548,0.006179,0.004448,0.000208,0.001523,2.000000,3.000000,4.000000
2,102400,0.004974,0.003557,0.000131,0.001286,0.006203,0.004613,0.000249,0.001341,2.000000,3.000000,4.000000
2,102400,0.005943,0.003736,0.000407,0.001800,0.007826,0.005510,0.000558,0.001758,3.000000,4.000000,5.000000
2,102400,0.004807,0.003436,0.000127,0.001244,0.005892,0.004342,0.000217,0.001333,2.000000,3.000000,4.000000
2,102400,0.005306,0.003430,0.000127,0.001749,0.006521,0.004541,0.000204,0.001776,2.000000,3.000000,4.000000
2,102400,0.004807,0.003426,0.000127,0.001254,0.006056,0.004502,0.000242,0.001312,2.000000,3.000000,4.000000
2,102400,0.004958,0.003576,0.000127,0.001255,0.005892,0.004337,0.000231,0.001324,2.000000,3.000000,4.000000
2,102400,0.005016,0.003517,0.000131,0.001368,0.006207,0.004554,0.000236,0.001417,2.000000,3.000000,4.000000
2,102400,0.002690,0.001120,0.000132,0.001438,0.003706,0.001939,0.000249,0.001518,2.000000,3.000000,4.000000
2,102400,0.004810,0.003411,0.000126,0.001273,0.005884,0.004317,0.000215,0.001352,2.000000,3.000000,4.000000
2,102400,0.004911,0.003415,0.000135,0.001361,0.005958,0.004326,0.000218,0.001414,2.000000,3.000000,4.000000
2,102400,0.005139,0.003432,0.000128,0.001579,0.005876,0.004140,0.000208,0.001528,2.000000,3.000000,4.000000
2,102400,0.005509,0.004149,0.000133,0.001227,0.006027,0.004476,0.000202,0.001349,2.000000,4.000000,4.000000
2,102400,0.002489,0.001038,0.000196,0.001255,0.003693,0.001454,0.000937,0.001302,2.000000,3.000000,4.000000
2,102400,0.004998,0.003508,0.000129,0.001361,0.006745,0.005067,0.000225,0.001453,2.000000,3.000000,4.000000
2,102400,0.004975,0.003583,0.000128,0.001264,0.005921,0.004365,0.000242,0.001314,2.000000,3.000000,4.000000
2,102400,0.005084,0.003398,0.000131,0.001555,0.005834,0.004105,0.000202,0.001527,2.000000,3.000000,4.000000
2,102400,0.004766,0.003362,0.000127,0.001277,0.005611,0.004047,0.000223,0.001341,2.000000,3.000000,4.000000
2,102400,0.003845,0.002651,0.000131,0.001063,0.004904,0.003588,0.000270,0.001046,2.000000,4.000000,4.000000
2,102400,0.005279,0.003567,0.000127,0.001585,0.005953,0.004203,0.000197,0.001553,2.000000,3.000000,4.000000
2,102400,0.005133,0.003498,0.000126,0.001509,0.006224,0.004499,0.000214,0.001511,2.000000,3.000000,4.000000
2,102400,0.005201,0.003501,0.000127,0.001573,0.006144,0.004354,0.000236,0.001554,2.000000,3.000000,4.000000
2,102400,0.005370,0.003587,0.000137,0.001646,0.006280,0.004463,0.000262,0.001555,2.000000,3.000000,4.000000
2,102400,0.012439,0.010080,0.000220,0.002139,0.011602,0.008960,0.000393,0.002249,2.000000,4.000000,4.000000
2,102400,0.005136,0.003767,0.000192,0.001177,0.006335,0.004602,0.000379,0.001354,3.000000,4.000000,5.000000
2,102400,0.006485,0.004902,0.000134,0.001449,0.006669,0.004927,0.000200,0.001542,2.000000,4.000000,4.000000
2,102400,0.007058,0.005207,0.000133,0.001718,0.007240,0.005382,0.000245,0.001613,2.000000,4.000000,4.000000
2,102400,0.014810,0.011466,0.000306,0.003038,0.019993,0.016098,0.000563,0.003332,2.000000,4.000000,4.000000
2,102400,0.009939,0.007434,0.000362,0.002143,0.012625,0.009498,0.000641,0.002486,2.000000,4.000000,4.000000
2,102400,0.015878,0.011508,0.000493,0.003877,0.018540,0.013608,0.000793,0.004139,2.000000,4.000000,4.000000
2,102400,0.017067,0.013383,0.000386,0.003298,0.017732,0.013390,0.000703,0.003639,2.000000,4.000000,4.000000
2,102400,0.008643,0.006214,0.000235,0.002194,0.011027,0.008162,0.000415,0.002450,2.000000,4.000000,4.000000
2,102400,0.007348,0.005258,0.000177,0.001913,0.009386,0.007074,0.000322,0.001990,2.000000,4.000000,4.000000
2,102400,0.016245,0.012246,0.000393,0.003606,0.017947,0.013305,0.000637,0.004005,2.000000,4.000000,4.000000
2,102400,0.012604,0.009990,0.000362,0.002252,0.015353,0.012034,0.000571,0.002748,2.000000,4.000000,4.000000
2,102400,0.016736,0.013246,0.000326,0.003164,0.020854,0.016944,0.000543,0.003367,2.000000,4.000000,4.000000
2,102400,0.010144,0.007232,0.000260,0.002652,0.011894,0.008706,0.000494,0.002694,2.000000,4.000000,4.000000
2,102400,0.007977,0.005653,0.000204,0.002120,0.009348,0.006750,0.000368,0.002230,2.000000,3.000000,4.000000
2,102400,0.006602,0.004667,0.000164,0.001771,0.007798,0.005668,0.000309,0.001821,2.000000,4.000000,4.000000
2,102400,0.006090,0.004242,0.000151,0.001697,0.007457,0.005459,0.000264,0.001734,2.000000,4.000000,4.000000
2,102400,0.004920,0.003497,0.000131,0.001292,0.006137,0.004591,0.000216,0.001330,2.000000,3.000000,4.000000
2,102400,0.011041,0.008548,0.000228,0.002265,0.012207,0.009388,0.000403,0.002416,2.000000,4.000000,4.000000
2,102400,0.006004,0.003984,0.000261,0.001759,0.008660,0.006203,0.000500,0.001957,2.000000,4.000000,4.000000
2,102400,0.008353,0.006169,0.000212,0.001972,0.009954,0.007421,0.000374,0.002159,2.000000,3.000000,4.000000
2,102400,0.006686,0.004919,0.000165,0.001602,0.007818,0.005859,0.000289,0.001670,2.000000,4.000000,4.000000
2,102400,0.004388,0.003062,0.000144,0.001182,0.005681,0.004210,0.000273,0.001198,2.000000,4.000000,4.000000
2,102400,0.005423,0.003678,0.000132,0.001613,0.006301,0.004516,0.000238,0.001547,2.000000,4.000000,4.000000
2,102400,0.016679,0.013103,0.000393,0.003183,0.018644,0.014709,0.000698,0.003237,2.000000,4.000000,4.000000
2,102400,0.009702,0.007053,0.000231,0.002418,0.012475,0.009617,0.000425,0.002433,2.000000,4.000000,4.000000
2,102400,0.008249,0.005894,0.000202,0.002153,0.009658,0.007073,0.000365,0.002220,2.000000,3.000000,4.000000
2,102400,0.006731,0.004760,0.000164,0.001807,0.008136,0.006092,0.000291,0.001753,2.000000,3.000000,4.000000
2,102400,0.006281,0.004451,0.000142,0.001688,0.007350,0.005407,0.000263,0.001680,2.000000,3.000000,4.000000
2,102400,0.005034,0.003530,0.000128,0.001376,0.006173,0.004525,0.000249,0.001399,2.000000,3.000000,4.000000
3,1024,0.008708,0.005562,0.001577,0.001569,0.010969,0.007714,0.001595,0.001660,2.000000,3.000000,4.000000
3,1024,0.009052,0.005660,0.001709,0.001683,0.010522,0.007066,0.001725,0.001731,2.000000,4.000000,4.000000
3,1024,0.004907,0.002054,0.001809,0.001044,0.007572,0.003390,0.003110,0.001072,2.000000,3.000000,3.000000
3,1024,0.008212,0.005563,0.000900,0.001749,0.009518,0.006826,0.000928,0.001764,2.000000,3.000000,4.000000
3,1024,0.004181,0.002036,0.001095,0.001050,0.005280,0.003130,0.001071,0.001079,2.000000,3.000000,3.000000
3,1024,0.003741,0.002066,0.000591,0.001084,0.006110,0.004406,0.000613,0.001091,2.000000,3.000000,3.000000
3,1024,0.003873,0.001744,0.001248,0.000881,0.004834,0.002763,0.001219,0.000852,2.000000,3.000000,3.000000
3,1024,0.002530,0.001347,0.000449,0.000734,0.003206,0.002016,0.000449,0.000741,2.000000,3.000000,3.000000
3,1024,0.007962,0.005128,0.001157,0.001677,0.009206,0.006313,0.001182,0.001711,2.000000,3.000000,3.000000
3,1024,0.003870,0.002033,0.000762,0.001075,0.005118,0.003260,0.000762,0.001096,2.000000,3.000000,3.000000
3,1024,0.004054,0.001846,0.001144,0.001064,0.004904,0.002713,0.001140,0.001051,2.000000,3.000000,3.000000
3,1024,0.002815,0.001553,0.000394,0.000868,0.003638,0.002403,0.000395,0.000840,2.000000,3.000000,3.000000
3,1024,0.002778,0.001460,0.000532,0.000786,0.003753,0.002452,0.000531,0.000770,2.000000,3.000000,3.000000
3,1024,0.006651,0.004281,0.001091,0.001279,0.007733,0.005198,0.001135,0.001400,2.000000,3.000000,3.000000
3,1024,0.007506,0.005062,0.000778,0.001666,0.009104,0.006621,0.000796,0.001687,2.000000,3.000000,3.000000
3,1024,0.003677,0.002124,0.000522,0.001031,0.005192,0.003585,0.000531,0.001076,2.000000,3.000000,3.000000
3,1024,0.003511,0.001841,0.000684,0.000986,0.004856,0.003217,0.000685,0.000954,2.000000,3.000000,3.000000
3,1024,0.003035,0.001616,0.000569,0.000850,0.004036,0.002601,0.000570,0.000865,2.000000,3.000000,3.000000
3,1024,0.002564,0.001417,0.000341,0.000806,0.003221,0.002126,0.000341,0.000754,2.000000,3.000000,3.000000
3,1024,0.007639,0.004631,0.001599,0.001409,0.010097,0.006879,0.001629,0.001589,2.000000,3.000000,3.000000
3,1024,0.004382,0.002402,0.000771,0.001209,0.005815,0.003755,0.000771,0.001289,2.000000,3.000000,3.000000
3,1024,0.004228,0.002068,0.001085,0.001075,0.005283,0.003126,0.001085,0.001072,2.000000,3.000000,3.000000
3,1024,0.003072,0.001667,0.000526,0.000879,0.003918,0.002534,0.000525,0.000859,2.000000,3.000000,3.000000
3,1024,0.003956,0.001433,0.001704,0.000819,0.004481,0.002037,0.001694,0.000750,2.000000,3.000000,3.000000
3,1024,0.002429,0.001309,0.000426,0.000694,0.003094,0.001973,0.000426,0.000695,2.000000,3.000000,3.000000
3,1024,0.002479,0.001234,0.000579,0.000666,0.003002,0.001775,0.000581,0.000646,2.000000,3.000000,3.000000
3,1024,0.002106,0.001164,0.000275,0.000667,0.002669,0.001778,0.000276,0.000615,2.000000,3.000000,3.000000
3,1024,0.002060,0.001046,0.000376,0.000638,0.002804,0.001297,0.000940,0.000567,2.000000,3.000000,3.000000
3,1024,0.008316,0.005187,0.001021,0.002108,0.009097,0.005739,0.001007,0.002351,2.000000,4.000000,4.000000
3,1024,0.004227,0.002395,0.000623,0.001209,0.005737,0.003852,0.000635,0.001250,2.000000,3.000000,3.000000
3,1024,0.008241,0.005798,0.000872,0.001571,0.008882,0.006318,0.000879,0.001685,2.000000,4.000000,4.000000
3,1024,0.004478,0.002354,0.000875,0.001249,0.006584,0.004448,0.000875,0.001261,2.000000,3.000000,3.000000
3,1024,0.005863,0.003074,0.000829,0.001960,0.006666,0.004456,0.000857,0.001353,2.000000,4.000000,4.000000
3,1024,0.007399,0.005068,0.000703,0.001628,0.009831,0.007440,0.000703,0.001688,2.000000,4.000000,4.000000
3,1024,0.009455,0.006179,0.001143,0.002133,0.008833,0.005747,0.001162,0.001924,3.000000,4.000000,4.000000
3,1024,0.004633,0.002602,0.000870,0.001161,0.005889,0.003788,0.000823,0.001278,2.000000,3.000000,4.000000
3,1024,0.003239,0.001848,0.000447,0.000944,0.004618,0.003113,0.000451,0.001054,2.000000,3.000000,3.000000
3,1024,0.008249,0.005852,0.000810,0.001587,0.009360,0.006814,0.000834,0.001712,2.000000,4.000000,4.000000
3,1024,0.004838,0.002408,0.001158,0.001272,0.005910,0.003439,0.001158,0.001313,2.000000,3.000000,3.000000
3,1024,0.003624,0.001808,0.000854,0.000962,0.004451,0.002636,0.000854,0.000961,2.000000,3.000000,3.000000
3,1024,0.002769,0.001503,0.000454,0.000812,0.003544,0.002243,0.000455,0.000846,2.000000,3.000000,3.000000
3,1024,0.002733,0.001432,0.000530,0.000771,0.003488,0.002174,0.000530,0.000784,2.000000,3.000000,3.000000
3,1024,0.002875,0.001415,0.000731,0.000729,0.003350,0.001907,0.000731,0.000712,2.000000,3.000000,3.000000
3,1024,0.002323,0.001150,0.000471,0.000702,0.003095,0.001976,0.000471,0.000648,2.000000,3.000000,3.000000
3,1024,0.001953,0.001095,0.000273,0.000585,0.002426,0.001588,0.000273,0.000565,2.000000,3.000000,3.000000
3,1024,0.002005,0.001128,0.000289,0.000588,0.002694,0.001858,0.000290,0.000546,2.000000,3.000000,3.000000
3,1024,0.001981,0.001077,0.000285,0.000619,0.002373,0.001527,0.000285,0.000561,2.000000,3.000000,3.000000
3,1024,0.008949,0.004766,0.002514,0.001669,0.009630,0.005320,0.002533,0.001777,2.000000,4.000000,4.000000
3,1024,0.004241,0.002328,0.000761,0.001152,0.005481,0.003459,0.000761,0.001261,2.000000,3.000000,3.000000
3,1024,0.003392,0.001816,0.000579,0.000997,0.004485,0.002947,0.000578,0.000960,2.000000,3.000000,3.000000
3,1024,0.003460,0.001937,0.000711,0.000812,0.004344,0.002802,0.000711,0.000831,2.000000,3.000000,3.000000
3,1024,0.002544,0.001396,0.000350,0.000798,0.003564,0.002436,0.000350,0.000778,2.000000,3.000000,3.000000
3,1024,0.002129,0.001243,0.000299,0.000587,0.003098,0.002170,0.000309,0.000619,2.000000,3.000000,3.000000
3,1024,0.002189,0.001219,0.000414,0.000556,0.003198,0.002190,0.000419,0.000589,2.000000,3.000000,3.000000
3,1024,0.006850,0.004494,0.000721,0.001635,0.007279,0.004862,0.000730,0.001687,2.000000,4.000000,4.000000
3,1024,0.004550,0.002655,0.000585,0.001310,0.006105,0.004190,0.000585,0.001330,2.000000,3.000000,3.000000
3,1024,0.003359,0.001949,0.000450,0.000960,0.004708,0.003330,0.000449,0.000929,2.000000,3.000000,3.000000
3,1024,0.008734,0.005306,0.001716,0.001712,0.010550,0.007100,0.001705,0.001745,2.000000,3.000000,3.000000
3,1024,0.004406,0.002355,0.000779,0.001272,0.005506,0.003470,0.000779,0.001257,2.000000,3.000000,3.000000
3,1024,0.003972,0.002051,0.000836,0.001085,0.004865,0.002915,0.000836,0.001114,2.000000,3.000000,3.000000
3,1024,0.003475,0.001780,0.000729,0.000966,0.004321,0.002636,0.000729,0.000956,2.000000,3.000000,3.000000
3,1024,0.002649,0.001408,0.000519,0.000722,0.003296,0.002025,0.000519,0.000752,2.000000,3.000000,3.000000
3,1024,0.002686,0.001367,0.000661,0.000658,0.003381,0.002034,0.000661,0.000686,2.000000,3.000000,3.000000
3,1024,0.002145,0.001168,0.000385,0.000592,0.002890,0.001886,0.000384,0.000620,2.000000,3.000000,3.000000
3,1024,0.002294,0.001391,0.000284,0.000619,0.003191,0.002267,0.000285,0.000639,2.000000,3.000000,3.000000
3,1024,0.007259,0.005030,0.000805,0.001424,0.007899,0.005622,0.000805,0.001472,2.000000,3.000000,3.000000
3,1024,0.010054,0.005413,0.002934,0.001707,0.011595,0.006913,0.002953,0.001729,2.000000,3.000000,4.000000
3,1024,0.008154,0.005702,0.000778,0.001674,0.009877,0.007305,0.000807,0.001765,2.000000,4.000000,4.000000
3,1024,0.003809,0.002132,0.000586,0.001091,0.004970,0.003271,0.000586,0.001113,2.000000,3.000000,3.000000
3,1024,0.003377,0.001797,0.000612,0.000968,0.004433,0.002843,0.000622,0.000968,2.000000,3.000000,3.000000
3,1024,0.003257,0.001810,0.000509,0.000938,0.004703,0.003244,0.000508,0.000951,2.000000,3.000000,3.000000
3,1024,0.002650,0.001499,0.000353,0.000798,0.003779,0.002646,0.000353,0.000780,2.000000,3.000000,3.000000
3,1024,0.002591,0.001434,0.000405,0.000752,0.003641,0.002479,0.000405,0.000757,2.000000,3.000000,3.000000
3,1024,0.002355,0.001292,0.000374,0.000689,0.002833,0.001775,0.000373,0.000685,2.000000,3.000000,3.000000
3,1024,0.007370,0.004711,0.001168,0.001491,0.008632,0.005722,0.001222,0.001688,2.000000,3.000000,4.000000
3,1024,0.008146,0.005620,0.000824,0.001702,0.009314,0.006725,0.000857,0.001732,2.000000,4.000000,4.000000
3,1024,0.006071,0.003846,0.001029,0.001196,0.006820,0.004497,0.001046,0.001277,2.000000,4.000000,4.000000
3,1024,0.003755,0.001980,0.000558,0.001217,0.005007,0.003141,0.000545,0.001321,2.000000,4.000000,4.000000
3,1024,0.003136,0.002313,0.000257,0.000566,0.003117,0.002277,0.000257,0.000583,2.000000,4.000000,4.000000
3,1024,0.001839,0.001047,0.000299,0.000493,0.002708,0.001883,0.000304,0.000521,2.000000,3.000000,3.000000
3,1024,0.001802,0.001023,0.000240,0.000539,0.002445,0.001682,0.000240,0.000523,2.000000,3.000000,3.000000
3,1024,0.003830,0.002579,0.000430,0.000821,0.004300,0.003102,0.000431,0.000767,2.000000,3.000000,4.000000
3,1024,0.003462,0.002357,0.000438,0.000667,0.003113,0.002014,0.000448,0.000651,2.000000,3.000000,3.000000
3,1024,0.002089,0.001220,0.000310,0.000559,0.003146,0.002196,0.000321,0.000629,2.000000,3.000000,3.000000
3,1024,0.004293,0.002727,0.000713,0.000853,0.003544,0.002223,0.000574,0.000747,2.000000,3.000000,3.000000
3,1024,0.002116,0.001310,0.000257,0.000549,0.002714,0.001881,0.000258,0.000575,2.000000,3.000000,3.000000
3,1024,0.007382,0.004307,0.001799,0.001276,0.009387,0.006311,0.001779,0.001297,2.000000,4.000000,4.000000
3,1024,0.003012,0.001745,0.000450,0.000817,0.004562,0.003192,0.000462,0.000908,2.000000,3.000000,3.000000
3,1024,0.002744,0.001537,0.000456,0.000751,0.003853,0.002562,0.000455,0.000836,2.000000,3.000000,3.000000
3,1024,0.002488,0.001372,0.000455,0.000661,0.003514,0.002338,0.000466,0.000710,2.000000,3.000000,3.000000
3,1024,0.002391,0.001339,0.000354,0.000698,0.002912,0.001866,0.000354,0.000692,2.000000,3.000000,3.000000
3,1024,0.002405,0.001302,0.000473,0.000630,0.003043,0.001833,0.000460,0.000750,2.000000,3.000000,3.000000
3,1024,0.002347,0.001070,0.000759,0.000518,0.003191,0.001876,0.000759,0.000556,2.000000,3.000000,3.000000
3,1024,0.001815,0.001045,0.000249,0.000521,0.002584,0.001777,0.000249,0.000558,2.000000,3.000000,3.000000
3,1024,0.002348,0.001040,0.000669,0.000639,0.002879,0.001622,0.000669,0.000588,2.000000,3.000000,3.000000
3,1024,0.001990,0.001101,0.000293,0.000596,0.002556,0.001710,0.000292,0.000554,2.000000,3.000000,3.000000
3,1024,0.001969,0.001150,0.000297,0.000522,0.002702,0.001867,0.000303,0.000532,2.000000,3.000000,3.000000
3,1024,0.001937,0.001038,0.000286,0.000613,0.002300,0.001449,0.000286,0.000565,2.000000,3.000000,3.000000
3,1024,0.002457,0.001054,0.000759,0.000644,0.002909,0.001584,0.000760,0.000565,2.000000,3.000000,3.000000
3,1024,0.001905,0.001025,0.000337,0.000543,0.002307,0.001433,0.000348,0.000526,2.000000,3.000000,3.000000
3,1024,0.002246,0.001101,0.000503,0.000642,0.002715,0.001634,0.000503,0.000578,2.000000,3.000000,3.000000
3,10240,0.005230,0.003856,0.000451,0.000923,0.004235,0.003139,0.000336,0.000760,2.000000,4.000000,4.000000
3,10240,0.002763,0.001553,0.000526,0.000684,0.003435,0.002127,0.000526,0.000782,2.000000,3.000000,3.000000
3,10240,0.009849,0.005776,0.002068,0.002005,0.009602,0.005314,0.002108,0.002180,3.000000,4.000000,4.000000
3,10240,0.006768,0.004441,0.000788,0.001539,0.006947,0.004505,0.000810,0.001632,2.000000,4.000000,4.000000
3,10240,0.004855,0.002289,0.001209,0.001357,0.007023,0.004342,0.001199,0.001482,2.000000,3.000000,3.000000
3,10240,0.005348,0.002827,0.000867,0.001654,0.006680,0.004122,0.000858,0.001700,2.000000,4.000000,4.000000
3,10240,0.006573,0.004080,0.000857,0.001636,0.007657,0.004839,0.000908,0.001910,2.000000,3.000000,4.000000
3,10240,0.007986,0.004233,0.002025,0.001728,0.009194,0.005235,0.002073,0.001886,2.000000,3.000000,4.000000
3,10240,0.004411,0.002308,0.000677,0.001426,0.006004,0.003850,0.000677,0.001477,2.000000,3.000000,3.000000
3,10240,0.003877,0.002007,0.000689,0.001181,0.005238,0.003291,0.000689,0.001258,2.000000,3.000000,3.000000
3,10240,0.003766,0.001791,0.000803,0.001172,0.004910,0.002951,0.000790,0.001169,2.000000,3.000000,4.000000
3,10240,0.003048,0.001448,0.000702,0.000898,0.004112,0.002507,0.000712,0.000893,2.000000,3.000000,3.000000
3,10240,0.002676,0.001270,0.000680,0.000726,0.003212,0.001791,0.000679,0.000742,2.000000,3.000000,3.000000
3,10240,0.002316,0.001147,0.000463,0.000706,0.003334,0.002130,0.000474,0.000730,2.000000,3.000000,4.000000
3,10240,0.007523,0.005046,0.000988,0.001489,0.007803,0.005105,0.001027,0.001671,2.000000,3.000000,4.000000
3,10240,0.007817,0.005050,0.000819,0.001948,0.008959,0.006071,0.000790,0.002098,3.000000,4.000000,4.000000
3,10240,0.008958,0.005312,0.001728,0.001918,0.009648,0.005917,0.001724,0.002007,2.000000,4.000000,4.000000
3,10240,0.008919,0.005337,0.001718,0.001864,0.009380,0.005617,0.001730,0.002033,2.000000,4.000000,4.000000
3,10240,0.004337,0.002209,0.000737,0.001391,0.007099,0.003264,0.002365,0.001470,2.000000,3.000000,3.000000
3,10240,0.003434,0.001709,0.000597,0.001128,0.005005,0.003236,0.000593,0.001176,2.000000,3.000000,3.000000
3,10240,0.008317,0.005466,0.001053,0.001798,0.010715,0.007730,0.001075,0.001910,2.000000,3.000000,4.000000
3,10240,0.007859,0.005047,0.000771,0.002041,0.009276,0.006376,0.000772,0.002128,2.000000,4.000000,4.000000
3,10240,0.008549,0.004802,0.001311,0.002436,0.009580,0.005581,0.001356,0.002643,2.000000,4.000000,4.000000
3,10240,0.004796,0.002232,0.001152,0.001412,0.006170,0.003497,0.001167,0.001506,2.000000,3.000000,4.000000
3,10240,0.003624,0.001724,0.000741,0.001159,0.005559,0.002495,0.001900,0.001164,2.000000,3.000000,3.000000
3,10240,0.003536,0.001596,0.000935,0.001005,0.004196,0.002268,0.000934,0.000994,2.000000,3.000000,3.000000
3,10240,0.007659,0.004112,0.001623,0.001924,0.008585,0.004820,0.001643,0.002122,2.000000,4.000000,4.000000
3,10240,0.008953,0.004339,0.002241,0.002373,0.009271,0.004501,0.002207,0.002563,2.000000,4.000000,4.000000
3,10240,0.005541,0.002409,0.001810,0.001322,0.006706,0.003407,0.001811,0.001488,2.000000,3.000000,4.000000
3,10240,0.010665,0.007172,0.002382,0.001111,0.007742,0.004121,0.002381,0.001240,2.000000,3.000000,3.000000
3,10240,0.002932,0.001528,0.000507,0.000897,0.003854,0.002397,0.000507,0.000950,2.000000,3.000000,3.000000
3,10240,0.002872,0.001424,0.000628,0.000820,0.003887,0.002402,0.000628,0.000857,2.000000,3.000000,3.000000
3,10240,0.002387,0.001231,0.000410,0.000746,0.003054,0.001869,0.000410,0.000775,2.000000,3.000000,3.000000
3,10240,0.002255,0.001198,0.000336,0.000721,0.003006,0.001934,0.000336,0.000736,2.000000,3.000000,3.000000
3,10240,0.002460,0.001140,0.000500,0.000820,0.002875,0.001683,0.000500,0.000692,2.000000,3.000000,3.000000
3,10240,0.008451,0.006000,0.000718,0.001733,0.009823,0.007201,0.000718,0.001904,2.000000,4.000000,4.000000
3,10240,0.005678,0.002404,0.001906,0.001368,0.007871,0.004483,0.001907,0.001481,2.000000,3.000000,3.000000
3,10240,0.008061,0.004616,0.001860,0.001585,0.006628,0.005540,0.001481,-0.000393,2.000000,4.000000,4.000000
3,10240,0.008314,0.004898,0.001103,0.002313,0.009417,0.005899,0.001129,0.002389,2.000000,4.000000,4.000000
3,10240,0.004807,0.002713,0.000724,0.001370,0.007048,0.004840,0.000719,0.001489,2.000000,4.000000,4.000000
3,10240,0.003214,0.001721,0.000448,0.001045,0.005255,0.003674,0.000469,0.001112,2.000000,3.000000,3.000000
3,10240,0.008604,0.005100,0.001432,0.002072,0.009103,0.005649,0.001449,0.002005,2.000000,3.000000,4.000000
3,10240,0.004244,0.002279,0.000626,0.001339,0.005605,0.003568,0.000619,0.001418,2.000000,3.000000,3.000000
3,10240,0.004314,0.001863,0.001348,0.001103,0.005186,0.002705,0.001348,0.001133,2.000000,3.000000,3.000000
3,10240,0.002904,0.001496,0.000392,0.001016,0.003776,0.002388,0.000389,0.000999,2.000000,3.000000,3.000000
3,10240,0.005516,0.002331,0.001784,0.001401,0.006789,0.003551,0.001711,0.001527,2.000000,3.000000,4.000000
3,10240,0.008048,0.004067,0.001570,0.002411,0.008937,0.004686,0.001638,0.002613,2.000000,4.000000,4.000000
3,10240,0.004271,0.002325,0.000596,0.001350,0.006995,0.004870,0.000616,0.001509,2.000000,3.000000,3.000000
3,10240,0.006948,0.004927,0.000982,0.001039,0.007092,0.005060,0.000965,0.001067,2.000000,3.000000,4.000000
3,10240,0.009088,0.004832,0.002615,0.001641,0.009159,0.004735,0.002634,0.001790,2.000000,3.000000,4.000000
3,10240,0.008044,0.004873,0.001420,0.001751,0.008733,0.005332,0.001434,0.001967,2.000000,4.000000,4.000000
3,10240,0.004660,0.002578,0.000712,0.001370,0.006279,0.004079,0.000713,0.001487,2.000000,3.000000,3.000000
3,10240,0.004424,0.001891,0.000772,0.001761,0.005962,0.003423,0.000778,0.001761,2.000000,3.000000,4.000000
3,10240,0.007265,0.004230,0.000901,0.002134,0.008963,0.005647,0.000947,0.002369,2.000000,3.000000,4.000000
3,10240,0.004533,0.002233,0.000882,0.001418,0.007277,0.004895,0.000894,0.001488,2.000000,3.000000,3.000000
3,10240,0.008028,0.004756,0.001304,0.001968,0.010026,0.006473,0.001360,0.002193,2.000000,4.000000,4.000000
3,10240,0.006572,0.004338,0.000690,0.001544,0.007120,0.004807,0.000712,0.001601,2.000000,4.000000,4.000000
3,10240,0.007035,0.004066,0.000987,0.001982,0.008697,0.005592,0.001017,0.002088,2.000000,3.000000,4.000000
3,10240,0.008424,0.005755,0.000781,0.001888,0.009506,0.006747,0.000782,0.001977,2.000000,4.000000,4.000000
3,10240,0.004458,0.002640,0.000591,0.001227,0.005566,0.003634,0.000592,0.001340,2.000000,3.000000,3.000000
3,10240,0.007555,0.004430,0.001017,0.002108,0.008716,0.005479,0.001024,0.002213,2.000000,3.000000,4.000000
3,10240,0.005947,0.003758,0.000704,0.001485,0.007199,0.004901,0.000704,0.001594,2.000000,3.000000,3.000000
3,10240,0.004038,0.002041,0.000816,0.001181,0.005523,0.003451,0.000815,0.001257,2.000000,3.000000,3.000000
3,10240,0.006573,0.002617,0.001262,0.002694,0.006409,0.003460,0.001263,0.001686,2.000000,3.000000,4.000000
3,10240,0.004062,0.002413,0.000792,0.000857,0.006011,0.004363,0.000766,0.000882,2.000000,3.000000,4.000000
3,10240,0.002492,0.001244,0.000399,0.000849,0.002964,0.001772,0.000398,0.000794,2.000000,3.000000,3.000000
3,10240,0.002556,0.001227,0.000543,0.000786,0.002908,0.001639,0.000539,0.000730,2.000000,3.000000,3.000000
3,10240,0.002098,0.001063,0.000377,0.000658,0.002473,0.001450,0.000377,0.000646,2.000000,3.000000,3.000000
3,10240,0.002231,0.001044,0.000537,0.000650,0.003138,0.001307,0.001199,0.000632,2.000000,3.000000,3.000000
3,10240,0.002598,0.001044,0.000855,0.000699,0.004019,0.001114,0.002209,0.000696,2.000000,3.000000,3.000000
3,10240,0.002024,0.001043,0.000328,0.000653,0.002496,0.001526,0.000328,0.000642,2.000000,3.000000,3.000000
3,10240,0.002197,0.001048,0.000502,0.000647,0.002813,0.001679,0.000501,0.000633,2.000000,3.000000,3.000000
3,10240,0.001961,0.001019,0.000239,0.000703,0.002396,0.001438,0.000239,0.000719,2.000000,3.000000,3.000000
3,10240,0.002189,0.001047,0.000502,0.000640,0.003009,0.001845,0.000511,0.000653,2.000000,3.000000,3.000000
3,10240,0.006433,0.003764,0.000973,0.001696,0.008145,0.005200,0.000976,0.001969,2.000000,3.000000,4.000000
3,10240,0.005024,0.002456,0.001105,0.001463,0.007403,0.004559,0.001125,0.001719,2.000000,3.000000,4.000000
3,10240,0.007261,0.004713,0.000961,0.001587,0.009776,0.006945,0.000997,0.001834,2.000000,4.000000,4.000000
3,10240,0.005047,0.002269,0.001293,0.001485,0.006777,0.003788,0.001293,0.001696,2.000000,3.000000,3.000000
3,10240,0.003535,0.002003,0.000513,0.001019,0.004890,0.003256,0.000508,0.001126,2.000000,3.000000,3.000000
3,10240,0.002861,0.001511,0.000447,0.000903,0.003691,0.002275,0.000458,0.000958,2.000000,3.000000,3.000000
3,10240,0.002560,0.001413,0.000358,0.000789,0.003976,0.002737,0.000378,0.000861,2.000000,3.000000,3.000000
3,10240,0.002333,0.001238,0.000396,0.000699,0.003222,0.002061,0.000406,0.000755,2.000000,3.000000,3.000000
3,10240,0.002272,0.001180,0.000278,0.000814,0.002929,0.001899,0.000279,0.000751,2.000000,3.000000,3.000000
3,102400,0.008228,0.004747,0.000770,0.002711,0.008790,0.004727,0.000797,0.003266,2.000000,3.000000,4.000000
3,102400,0.007806,0.002897,0.001775,0.003134,0.008251,0.001970,0.003274,0.003007,2.000000,3.000000,4.000000
3,102400,0.004834,0.002528,0.000490,0.001816,0.007185,0.004686,0.000449,0.002050,2.000000,4.000000,4.000000
3,102400,0.007610,0.004656,0.000558,0.002396,0.007865,0.004772,0.000557,0.002536,2.000000,4.000000,4.000000
3,102400,0.005697,0.002826,0.000705,0.002166,0.007189,0.003969,0.000688,0.002532,2.000000,3.000000,4.000000
3,102400,0.004630,0.001886,0.000451,0.002293,0.006681,0.003601,0.000459,0.002621,2.000000,3.000000,4.000000
3,102400,0.004408,0.001523,0.000572,0.002313,0.005756,0.002773,0.000572,0.002411,2.000000,3.000000,4.000000
3,102400,0.011098,0.005951,0.002388,0.002759,0.010688,0.005482,0.002359,0.002847,2.000000,4.000000,4.000000
3,102400,0.010628,0.004109,0.002432,0.004087,0.011579,0.004451,0.002463,0.004665,2.000000,4.000000,4.000000
3,102400,0.005529,0.001987,0.000685,0.002857,0.007436,0.003686,0.000674,0.003076,2.000000,3.000000,4.000000
3,102400,0.004793,0.001750,0.000514,0.002529,0.006203,0.002954,0.000514,0.002735,2.000000,3.000000,4.000000
3,102400,0.003703,0.001434,0.000354,0.001915,0.004586,0.002107,0.000358,0.002121,2.000000,3.000000,4.000000
3,102400,0.010536,0.005072,0.001646,0.003818,0.011911,0.005872,0.001651,0.004388,2.000000,3.000000,4.000000
3,102400,0.006115,0.002199,0.000891,0.003025,0.007442,0.003196,0.000874,0.003372,2.000000,3.000000,4.000000
3,102400,0.010146,0.004367,0.000958,0.004821,0.010345,0.004771,0.000988,0.004586,2.000000,4.000000,4.000000
3,102400,0.009287,0.003467,0.001489,0.004331,0.009788,0.004550,0.001491,0.003747,2.000000,3.000000,4.000000
3,102400,0.005357,0.001713,0.001165,0.002479,0.006560,0.002729,0.001161,0.002670,2.000000,3.000000,4.000000
3,102400,0.004377,0.001533,0.000704,0.002140,0.005132,0.002134,0.000703,0.002295,2.000000,3.000000,4.000000
3,102400,0.004662,0.001269,0.001166,0.002227,0.005343,0.001964,0.001165,0.002214,2.000000,3.000000,4.000000
3,102400,0.003197,0.001097,0.000276,0.001824,0.004512,0.002398,0.000275,0.001839,2.000000,3.000000,4.000000
3,102400,0.009926,0.003925,0.001553,0.004448,0.011769,0.005033,0.001591,0.005145,2.000000,3.000000,4.000000
3,102400,0.005979,0.002220,0.000603,0.003156,0.007761,0.003674,0.000596,0.003491,2.000000,3.000000,4.000000
3,102400,0.009283,0.005203,0.001086,0.002994,0.006713,0.005250,0.001109,0.000354,2.000000,4.000000,4.000000
3,102400,0.006466,0.002358,0.000663,0.003445,0.008330,0.004170,0.000663,0.003497,2.000000,3.000000,4.000000
3,102400,0.009180,0.004501,0.001856,0.002823,0.009852,0.004857,0.001883,0.003112,2.000000,3.000000,4.000000
3,102400,0.004618,0.001688,0.000447,0.002483,0.006306,0.003004,0.000466,0.002836,2.000000,3.000000,4.000000
3,102400,0.009109,0.004878,0.000750,0.003481,0.011021,0.006187,0.000766,0.004068,2.000000,3.000000,4.000000
3,102400,0.005935,0.002183,0.001248,0.002504,0.007477,0.003503,0.001248,0.002726,2.000000,3.000000,4.000000
3,102400,0.005696,0.001971,0.000921,0.002804,0.006838,0.002817,0.000921,0.003100,2.000000,3.000000,4.000000
3,102400,0.011165,0.004213,0.001374,0.005578,0.012559,0.005729,0.001404,0.005426,2.000000,4.000000,4.000000
3,102400,0.013664,0.007566,0.001448,0.004650,0.008816,0.004800,0.001026,0.002990,2.000000,4.000000,4.000000
3,102400,0.007644,0.003022,0.001099,0.003523,0.007018,0.002900,0.000938,0.003180,2.000000,3.000000,4.000000
3,102400,0.006730,0.002639,0.000737,0.003354,0.007844,0.003986,0.000600,0.003258,2.000000,3.000000,4.000000
3,102400,0.009503,0.004589,0.001695,0.003219,0.011924,0.006618,0.001694,0.003612,2.000000,4.000000,4.000000
3,102400,0.005326,0.002075,0.000577,0.002674,0.007569,0.003961,0.000577,0.003031,2.000000,3.000000,4.000000
3,102400,0.005456,0.001946,0.000743,0.002767,0.006951,0.003148,0.000744,0.003059,2.000000,3.000000,4.000000
3,102400,0.004788,0.001826,0.000573,0.002389,0.006367,0.003213,0.000572,0.002582,2.000000,3.000000,4.000000
3,102400,0.018376,0.013432,0.000656,0.004288,0.011078,0.006328,0.000657,0.004093,2.000000,3.000000,4.000000
3,102400,0.005061,0.001942,0.000509,0.002610,0.006517,0.003085,0.000508,0.002924,2.000000,3.000000,4.000000
3,102400,0.010930,0.004889,0.002047,0.003994,0.012071,0.005594,0.002060,0.004417,2.000000,3.000000,4.000000
3,102400,0.011828,0.007119,0.000806,0.003903,0.010070,0.004896,0.000805,0.004369,2.000000,4.000000,4.000000
3,102400,0.009015,0.004293,0.001096,0.003626,0.011137,0.006115,0.001101,0.003921,2.000000,4.000000,4.000000
3,102400,0.009393,0.004505,0.003068,0.001820,0.010434,0.005396,0.003025,0.002013,2.000000,4.000000,4.000000
3,102400,0.003061,0.001196,0.000301,0.001564,0.003709,0.001653,0.000311,0.001745,2.000000,3.000000,4.000000
3,102400,0.005111,0.002263,0.001155,0.001693,0.004418,0.001520,0.001047,0.001851,2.000000,3.000000,4.000000
3,102400,0.003382,0.001389,0.000342,0.001651,0.004395,0.002265,0.000342,0.001788,2.000000,4.000000,4.000000
3,102400,0.009540,0.004282,0.001491,0.003767,0.010743,0.004708,0.001538,0.004497,2.000000,4.000000,4.000000
3,102400,0.006215,0.002240,0.000844,0.003131,0.008107,0.003692,0.000826,0.003589,2.000000,3.000000,4.000000
3,102400,0.009334,0.004977,0.000927,0.003430,0.012747,0.007898,0.000978,0.003871,2.000000,3.000000,4.000000
3,102400,0.009166,0.004618,0.001151,0.003397,0.010195,0.005202,0.001169,0.003824,2.000000,3.000000,4.000000
3,102400,0.003382,0.001396,0.000413,0.001573,0.004155,0.002063,0.000413,0.001679,2.000000,3.000000,4.000000
3,102400,0.004065,0.001184,0.000958,0.001923,0.004797,0.001871,0.000965,0.001961,2.000000,3.000000,4.000000
3,102400,0.009441,0.004072,0.000957,0.004412,0.011386,0.005577,0.000942,0.004867,2.000000,4.000000,4.000000
3,102400,0.008767,0.004251,0.000691,0.003825,0.009612,0.004721,0.000704,0.004187,2.000000,3.000000,4.000000
3,102400,0.011463,0.005650,0.001510,0.004303,0.012956,0.006737,0.001562,0.004657,2.000000,3.000000,4.000000
3,102400,0.006663,0.002671,0.000607,0.003385,0.008977,0.004616,0.000615,0.003746,2.000000,3.000000,4.000000
3,102400,0.010725,0.005723,0.001030,0.003972,0.011830,0.006146,0.001058,0.004626,2.000000,4.000000,4.000000
3,102400,0.005618,0.002070,0.000655,0.002893,0.006917,0.003072,0.000654,0.003191,2.000000,3.000000,4.000000
3,102400,0.005099,0.001797,0.000718,0.002584,0.006873,0.003355,0.000718,0.002800,2.000000,3.000000,4.000000
3,102400,0.010702,0.005685,0.000994,0.004023,0.013759,0.008152,0.001016,0.004591,2.000000,4.000000,4.000000
3,102400,0.008705,0.002240,0.000850,0.005615,0.007381,0.003037,0.000849,0.003495,2.000000,3.000000,4.000000
3,102400,0.006484,0.003121,0.000609,0.002754,0.006634,0.003179,0.000629,0.002826,2.000000,3.000000,4.000000
3,102400,0.004277,0.001559,0.000491,0.002227,0.005759,0.002870,0.000486,0.002403,2.000000,3.000000,4.000000
3,102400,0.004766,0.001664,0.000536,0.002566,0.006240,0.002954,0.000532,0.002754,2.000000,3.000000,4.000000
3,102400,0.011882,0.005415,0.002474,0.003993,0.013872,0.006761,0.002510,0.004601,2.000000,4.000000,4.000000
3,102400,0.006633,0.002391,0.001184,0.003058,0.009293,0.004536,0.001184,0.003573,2.000000,3.000000,4.000000
3,102400,0.005430,0.001935,0.000789,0.002706,0.006507,0.002808,0.000789,0.002910,2.000000,3.000000,4.000000
3,102400,0.004286,0.001612,0.000449,0.002225,0.005532,0.002641,0.000448,0.002443,2.000000,3.000000,4.000000
3,102400,0.004148,0.001438,0.000531,0.002179,0.004855,0.002013,0.000531,0.002311,2.000000,3.000000,4.000000
3,102400,0.003739,0.001244,0.000648,0.001847,0.004903,0.002160,0.000648,0.002095,2.000000,3.000000,4.000000
3,102400,0.010758,0.005067,0.001354,0.004337,0.011675,0.005737,0.001373,0.004565,2.000000,3.000000,4.000000
3,102400,0.005700,0.002103,0.000515,0.003082,0.006983,0.003090,0.000515,0.003378,2.000000,3.000000,4.000000
3,102400,0.005490,0.001872,0.000924,0.002694,0.007142,0.002436,0.001761,0.002945,2.000000,3.000000,4.000000
3,102400,0.004272,0.001487,0.000404,0.002381,0.005022,0.002159,0.000404,0.002459,2.000000,3.000000,4.000000
3,102400,0.003802,0.001344,0.000383,0.002075,0.004552,0.002040,0.000382,0.002130,2.000000,3.000000,4.000000
3,102400,0.009682,0.004726,0.001464,0.003492,0.007832,0.005416,0.001496,0.000920,2.000000,3.000000,4.000000
3,102400,0.008032,0.004211,0.000939,0.002882,0.009167,0.004929,0.000947,0.003291,2.000000,3.000000,4.000000
3,102400,0.004780,0.001848,0.000484,0.002448,0.006281,0.003019,0.000490,0.002772,2.000000,3.000000,4.000000
3,102400,0.005910,0.002504,0.001008,0.002398,0.007769,0.004331,0.000868,0.002570,2.000000,4.000000,4.000000
3,102400,0.004948,0.002059,0.000465,0.002424,0.006793,0.003660,0.000473,0.002660,2.000000,4.000000,4.000000
3,102400,0.005821,0.002760,0.000682,0.002379,0.007647,0.004355,0.000645,0.002647,2.000000,4.000000,4.000000
3,102400,0.005893,0.003040,0.000516,0.002337,0.006622,0.003532,0.000528,0.002562,2.000000,3.000000,4.000000
3,102400,0.004527,0.001916,0.000536,0.002075,0.005839,0.003127,0.000514,0.002198,2.000000,4.000000,4.000000
3,102400,0.005003,0.002487,0.000634,0.001882,0.004687,0.002085,0.000634,0.001968,2.000000,3.000000,4.000000
3,102400,0.003220,0.001239,0.000303,0.001678,0.004496,0.002384,0.000315,0.001797,2.000000,3.000000,4.000000
3,102400,0.005727,0.001941,0.001008,0.002778,0.006477,0.002654,0.000738,0.003085,2.000000,4.000000,4.000000
